t,model,config_id,wrmse_window,window_len,active_idx,candidate_best_idx,gain_vs_incumbent,switched,selection_mode,policy_window,policy_decay
240,elastic_net_dynamic_fi,1,0.12664402891786564,1,2,2,0.0,True,decayed_best,24,0.97
240,elastic_net_dynamic_fi,2,0.08088171548283266,1,2,2,0.36134600127663263,True,decayed_best,24,0.97
241,elastic_net_dynamic_fi,1,0.15702909684667582,2,2,2,0.0,False,decayed_best,24,0.97
241,elastic_net_dynamic_fi,2,0.09091132542019545,2,2,2,0.0,False,decayed_best,24,0.97
242,elastic_net_dynamic_fi,1,0.41145031552801986,3,1,1,0.0774620558428255,True,decayed_best,24,0.97
242,elastic_net_dynamic_fi,2,0.4459982574526174,3,1,1,0.0,True,decayed_best,24,0.97
243,elastic_net_dynamic_fi,1,0.8456081703437224,4,1,1,0.0,False,decayed_best,24,0.97
243,elastic_net_dynamic_fi,2,0.8977159148588771,4,1,1,0.0,False,decayed_best,24,0.97
244,elastic_net_dynamic_fi,1,1.5255564715865033,5,1,1,0.0,False,decayed_best,24,0.97
244,elastic_net_dynamic_fi,2,1.5449238481134049,5,1,1,0.0,False,decayed_best,24,0.97
245,elastic_net_dynamic_fi,1,1.3984067724983158,6,1,1,0.0,False,decayed_best,24,0.97
245,elastic_net_dynamic_fi,2,1.435514741269583,6,1,1,0.0,False,decayed_best,24,0.97
246,elastic_net_dynamic_fi,1,1.4103872017492873,7,1,1,0.0,False,decayed_best,24,0.97
246,elastic_net_dynamic_fi,2,1.4862404655864172,7,1,1,0.0,False,decayed_best,24,0.97
247,elastic_net_dynamic_fi,1,1.4328328952681366,8,1,1,0.0,False,decayed_best,24,0.97
247,elastic_net_dynamic_fi,2,1.4544379643171412,8,1,1,0.0,False,decayed_best,24,0.97
248,elastic_net_dynamic_fi,1,1.3417507187323956,9,1,1,0.0,False,decayed_best,24,0.97
248,elastic_net_dynamic_fi,2,1.3727691952496683,9,1,1,0.0,False,decayed_best,24,0.97
249,elastic_net_dynamic_fi,1,1.3112628148225303,10,1,1,0.0,False,decayed_best,24,0.97
249,elastic_net_dynamic_fi,2,1.3546955614000804,10,1,1,0.0,False,decayed_best,24,0.97
250,elastic_net_dynamic_fi,1,1.244845530847865,11,1,1,0.0,False,decayed_best,24,0.97
250,elastic_net_dynamic_fi,2,1.2836540931098566,11,1,1,0.0,False,decayed_best,24,0.97
251,elastic_net_dynamic_fi,1,1.19730607431264,12,1,1,0.0,False,decayed_best,24,0.97
251,elastic_net_dynamic_fi,2,1.245786330893961,12,1,1,0.0,False,decayed_best,24,0.97
252,elastic_net_dynamic_fi,1,1.322489305749345,13,1,1,0.0,False,decayed_best,24,0.97
252,elastic_net_dynamic_fi,2,1.3309804796154017,13,1,1,0.0,False,decayed_best,24,0.97
253,elastic_net_dynamic_fi,1,1.3625742995885788,14,1,1,0.0,False,decayed_best,24,0.97
253,elastic_net_dynamic_fi,2,1.3894308960597321,14,1,1,0.0,False,decayed_best,24,0.97
254,elastic_net_dynamic_fi,1,1.4249316581676739,15,2,2,0.0,True,decayed_best,24,0.97
254,elastic_net_dynamic_fi,2,1.4146399353719636,15,2,2,0.007222608001386077,True,decayed_best,24,0.97
255,elastic_net_dynamic_fi,1,1.3801032588200983,16,1,1,0.0032060968790597055,True,decayed_best,24,0.97
255,elastic_net_dynamic_fi,2,1.3845422353598118,16,1,1,0.0,True,decayed_best,24,0.97
256,elastic_net_dynamic_fi,1,1.3659215682000452,17,2,2,0.0,True,decayed_best,24,0.97
256,elastic_net_dynamic_fi,2,1.3450975883008174,17,2,2,0.015245370147181081,True,decayed_best,24,0.97
257,elastic_net_dynamic_fi,1,1.3193925598811775,18,2,2,0.0,False,decayed_best,24,0.97
257,elastic_net_dynamic_fi,2,1.296465875331023,18,2,2,0.0,False,decayed_best,24,0.97
258,elastic_net_dynamic_fi,1,1.276174618152792,19,2,2,0.0,False,decayed_best,24,0.97
258,elastic_net_dynamic_fi,2,1.270181179404555,19,2,2,0.0,False,decayed_best,24,0.97
259,elastic_net_dynamic_fi,1,1.2574179477725729,20,1,1,0.024224754495625445,True,decayed_best,24,0.97
259,elastic_net_dynamic_fi,2,1.2886348096713791,20,1,1,0.0,True,decayed_best,24,0.97
260,elastic_net_dynamic_fi,1,1.2212468530295575,21,1,1,0.0,False,decayed_best,24,0.97
260,elastic_net_dynamic_fi,2,1.2610465398457011,21,1,1,0.0,False,decayed_best,24,0.97
261,elastic_net_dynamic_fi,1,1.1899299949643019,22,1,1,0.0,False,decayed_best,24,0.97
261,elastic_net_dynamic_fi,2,1.2227225415940268,22,1,1,0.0,False,decayed_best,24,0.97
262,elastic_net_dynamic_fi,1,1.159543472509374,23,1,1,0.0,False,decayed_best,24,0.97
262,elastic_net_dynamic_fi,2,1.1998654287686341,23,1,1,0.0,False,decayed_best,24,0.97
263,elastic_net_dynamic_fi,1,1.128494982745135,24,1,1,0.0,False,decayed_best,24,0.97
263,elastic_net_dynamic_fi,2,1.1673985032166079,24,1,1,0.0,False,decayed_best,24,0.97
264,elastic_net_dynamic_fi,1,1.1598024899812502,25,1,1,0.0,False,decayed_best,24,0.97
264,elastic_net_dynamic_fi,2,1.1838586208745183,25,1,1,0.0,False,decayed_best,24,0.97
265,elastic_net_dynamic_fi,1,1.1562447024749851,26,1,1,0.0,False,decayed_best,24,0.97
265,elastic_net_dynamic_fi,2,1.1785908152456106,26,1,1,0.0,False,decayed_best,24,0.97
266,elastic_net_dynamic_fi,1,1.1642019401470465,27,1,1,0.0,False,decayed_best,24,0.97
266,elastic_net_dynamic_fi,2,1.1857211054887515,27,1,1,0.0,False,decayed_best,24,0.97
267,elastic_net_dynamic_fi,1,1.1900494970651747,28,1,1,0.0,False,decayed_best,24,0.97
267,elastic_net_dynamic_fi,2,1.2114385618055699,28,1,1,0.0,False,decayed_best,24,0.97
268,elastic_net_dynamic_fi,1,1.1157950817958266,29,1,1,0.0,False,decayed_best,24,0.97
268,elastic_net_dynamic_fi,2,1.133807600382231,29,1,1,0.0,False,decayed_best,24,0.97
269,elastic_net_dynamic_fi,1,1.1466725731797287,30,1,1,0.0,False,decayed_best,24,0.97
269,elastic_net_dynamic_fi,2,1.1639395261923255,30,1,1,0.0,False,decayed_best,24,0.97
270,elastic_net_dynamic_fi,1,1.112802699243641,31,1,1,0.0,False,decayed_best,24,0.97
270,elastic_net_dynamic_fi,2,1.1155853815333059,31,1,1,0.0,False,decayed_best,24,0.97
271,elastic_net_dynamic_fi,1,1.0928787185698767,32,1,1,0.0,False,decayed_best,24,0.97
271,elastic_net_dynamic_fi,2,1.0966657752394748,32,1,1,0.0,False,decayed_best,24,0.97
272,elastic_net_dynamic_fi,1,1.1162357189984142,33,1,1,0.0,False,decayed_best,24,0.97
272,elastic_net_dynamic_fi,2,1.1291488173207689,33,1,1,0.0,False,decayed_best,24,0.97
273,elastic_net_dynamic_fi,1,1.0855525111969326,34,1,1,0.0,False,decayed_best,24,0.97
273,elastic_net_dynamic_fi,2,1.0940351128119234,34,1,1,0.0,False,decayed_best,24,0.97
274,elastic_net_dynamic_fi,1,1.0772092085896017,35,1,1,0.0,False,decayed_best,24,0.97
274,elastic_net_dynamic_fi,2,1.0831524716975354,35,1,1,0.0,False,decayed_best,24,0.97
275,elastic_net_dynamic_fi,1,1.058125508981543,36,1,1,0.0,False,decayed_best,24,0.97
275,elastic_net_dynamic_fi,2,1.0589162659577058,36,1,1,0.0,False,decayed_best,24,0.97
276,elastic_net_dynamic_fi,1,0.9795935631672571,37,1,1,0.0,False,decayed_best,24,0.97
276,elastic_net_dynamic_fi,2,0.9909607059091207,37,1,1,0.0,False,decayed_best,24,0.97
277,elastic_net_dynamic_fi,1,0.9253047267565376,38,1,1,0.0,False,decayed_best,24,0.97
277,elastic_net_dynamic_fi,2,0.929838290124163,38,1,1,0.0,False,decayed_best,24,0.97
278,elastic_net_dynamic_fi,1,0.8756279460607465,39,1,1,0.0,False,decayed_best,24,0.97
278,elastic_net_dynamic_fi,2,0.901757207465894,39,1,1,0.0,False,decayed_best,24,0.97
279,elastic_net_dynamic_fi,1,0.8564281063446243,40,1,1,0.0,False,decayed_best,24,0.97
279,elastic_net_dynamic_fi,2,0.8744401948509906,40,1,1,0.0,False,decayed_best,24,0.97
280,elastic_net_dynamic_fi,1,0.8913616935269226,41,1,1,0.0,False,decayed_best,24,0.97
280,elastic_net_dynamic_fi,2,0.9154750434250684,41,1,1,0.0,False,decayed_best,24,0.97
281,elastic_net_dynamic_fi,1,1.206519139884688,42,1,1,0.0,False,decayed_best,24,0.97
281,elastic_net_dynamic_fi,2,1.2190025030092613,42,1,1,0.0,False,decayed_best,24,0.97
282,elastic_net_dynamic_fi,1,1.302889098920101,43,2,2,0.0,True,decayed_best,24,0.97
282,elastic_net_dynamic_fi,2,1.3015292243437022,43,2,2,0.0010437377805416759,True,decayed_best,24,0.97
283,elastic_net_dynamic_fi,1,1.275435452200665,44,2,2,0.0,False,decayed_best,24,0.97
283,elastic_net_dynamic_fi,2,1.2565349415120095,44,2,2,0.0,False,decayed_best,24,0.97
284,elastic_net_dynamic_fi,1,1.2542846739799025,45,2,2,0.0,False,decayed_best,24,0.97
284,elastic_net_dynamic_fi,2,1.2315773433860444,45,2,2,0.0,False,decayed_best,24,0.97
285,elastic_net_dynamic_fi,1,1.2880602186704768,46,2,2,0.0,False,decayed_best,24,0.97
285,elastic_net_dynamic_fi,2,1.2638778203400205,46,2,2,0.0,False,decayed_best,24,0.97
286,elastic_net_dynamic_fi,1,1.3327780979995152,47,2,2,0.0,False,decayed_best,24,0.97
286,elastic_net_dynamic_fi,2,1.3064727999993004,47,2,2,0.0,False,decayed_best,24,0.97
287,elastic_net_dynamic_fi,1,1.3136512834059542,48,2,2,0.0,False,decayed_best,24,0.97
287,elastic_net_dynamic_fi,2,1.2872822420361159,48,2,2,0.0,False,decayed_best,24,0.97
288,elastic_net_dynamic_fi,1,1.2731742213507422,49,2,2,0.0,False,decayed_best,24,0.97
288,elastic_net_dynamic_fi,2,1.2526452953737655,49,2,2,0.0,False,decayed_best,24,0.97
289,elastic_net_dynamic_fi,1,1.253827854006047,50,2,2,0.0,False,decayed_best,24,0.97
289,elastic_net_dynamic_fi,2,1.2352191064109055,50,2,2,0.0,False,decayed_best,24,0.97
290,elastic_net_dynamic_fi,1,1.2209912137121466,51,2,2,0.0,False,decayed_best,24,0.97
290,elastic_net_dynamic_fi,2,1.2018459591425663,51,2,2,0.0,False,decayed_best,24,0.97
291,elastic_net_dynamic_fi,1,1.1729335352646284,52,2,2,0.0,False,decayed_best,24,0.97
291,elastic_net_dynamic_fi,2,1.1521177994279772,52,2,2,0.0,False,decayed_best,24,0.97
292,elastic_net_dynamic_fi,1,1.1758690376083691,53,2,2,0.0,False,decayed_best,24,0.97
292,elastic_net_dynamic_fi,2,1.1547655291786638,53,2,2,0.0,False,decayed_best,24,0.97
293,elastic_net_dynamic_fi,1,1.228747005126763,54,2,2,0.0,False,decayed_best,24,0.97
293,elastic_net_dynamic_fi,2,1.2186943715084066,54,2,2,0.0,False,decayed_best,24,0.97
294,elastic_net_dynamic_fi,1,1.207712456213276,55,2,2,0.0,False,decayed_best,24,0.97
294,elastic_net_dynamic_fi,2,1.1985889209919514,55,2,2,0.0,False,decayed_best,24,0.97
295,elastic_net_dynamic_fi,1,1.1888781642695017,56,2,2,0.0,False,decayed_best,24,0.97
295,elastic_net_dynamic_fi,2,1.1817943823640817,56,2,2,0.0,False,decayed_best,24,0.97
296,elastic_net_dynamic_fi,1,1.1739601774968182,57,2,2,0.0,False,decayed_best,24,0.97
296,elastic_net_dynamic_fi,2,1.16534454463939,57,2,2,0.0,False,decayed_best,24,0.97
297,elastic_net_dynamic_fi,1,1.1675882731456544,58,2,2,0.0,False,decayed_best,24,0.97
297,elastic_net_dynamic_fi,2,1.1564671203225925,58,2,2,0.0,False,decayed_best,24,0.97
298,elastic_net_dynamic_fi,1,1.2307673874092893,59,2,2,0.0,False,decayed_best,24,0.97
298,elastic_net_dynamic_fi,2,1.2147719740422582,59,2,2,0.0,False,decayed_best,24,0.97
299,elastic_net_dynamic_fi,1,1.211365119657646,60,2,2,0.0,False,decayed_best,24,0.97
299,elastic_net_dynamic_fi,2,1.196334833787219,60,2,2,0.0,False,decayed_best,24,0.97
300,elastic_net_dynamic_fi,1,1.2126168581089032,61,2,2,0.0,False,decayed_best,24,0.97
300,elastic_net_dynamic_fi,2,1.2023836502212117,61,2,2,0.0,False,decayed_best,24,0.97
301,elastic_net_dynamic_fi,1,1.1946142397123745,62,2,2,0.0,False,decayed_best,24,0.97
301,elastic_net_dynamic_fi,2,1.1833924000675122,62,2,2,0.0,False,decayed_best,24,0.97
302,elastic_net_dynamic_fi,1,1.2213531334404089,63,2,2,0.0,False,decayed_best,24,0.97
302,elastic_net_dynamic_fi,2,1.2109961831536564,63,2,2,0.0,False,decayed_best,24,0.97
303,elastic_net_dynamic_fi,1,1.2563031758199734,64,2,2,0.0,False,decayed_best,24,0.97
303,elastic_net_dynamic_fi,2,1.2435046220603516,64,2,2,0.0,False,decayed_best,24,0.97
304,elastic_net_dynamic_fi,1,1.2326656026009126,65,2,2,0.0,False,decayed_best,24,0.97
304,elastic_net_dynamic_fi,2,1.2228803258846088,65,2,2,0.0,False,decayed_best,24,0.97
305,elastic_net_dynamic_fi,1,1.1063378062023534,66,2,2,0.0,False,decayed_best,24,0.97
305,elastic_net_dynamic_fi,2,1.0976719228402636,66,2,2,0.0,False,decayed_best,24,0.97
306,elastic_net_dynamic_fi,1,1.029038441430375,67,2,2,0.0,False,decayed_best,24,0.97
306,elastic_net_dynamic_fi,2,1.0238413412600167,67,2,2,0.0,False,decayed_best,24,0.97
307,elastic_net_dynamic_fi,1,1.0138599776493247,68,2,2,0.0,False,decayed_best,24,0.97
307,elastic_net_dynamic_fi,2,1.0114344330404823,68,2,2,0.0,False,decayed_best,24,0.97
308,elastic_net_dynamic_fi,1,1.0015478784088923,69,2,2,0.0,False,decayed_best,24,0.97
308,elastic_net_dynamic_fi,2,0.9976451047425478,69,2,2,0.0,False,decayed_best,24,0.97
309,elastic_net_dynamic_fi,1,1.061456725716059,70,2,2,0.0,False,decayed_best,24,0.97
309,elastic_net_dynamic_fi,2,1.0528441429246687,70,2,2,0.0,False,decayed_best,24,0.97
310,elastic_net_dynamic_fi,1,1.0144345455980979,71,2,2,0.0,False,decayed_best,24,0.97
310,elastic_net_dynamic_fi,2,1.0055097501012504,71,2,2,0.0,False,decayed_best,24,0.97
311,elastic_net_dynamic_fi,1,1.0599013706843448,72,2,2,0.0,False,decayed_best,24,0.97
311,elastic_net_dynamic_fi,2,1.0541416494063516,72,2,2,0.0,False,decayed_best,24,0.97
312,elastic_net_dynamic_fi,1,1.0628439042413453,73,2,2,0.0,False,decayed_best,24,0.97
312,elastic_net_dynamic_fi,2,1.0507269854587997,73,2,2,0.0,False,decayed_best,24,0.97
313,elastic_net_dynamic_fi,1,1.118476515178676,74,2,2,0.0,False,decayed_best,24,0.97
313,elastic_net_dynamic_fi,2,1.114720932212654,74,2,2,0.0,False,decayed_best,24,0.97
314,elastic_net_dynamic_fi,1,1.102845998982113,75,2,2,0.0,False,decayed_best,24,0.97
314,elastic_net_dynamic_fi,2,1.0981383375824787,75,2,2,0.0,False,decayed_best,24,0.97
315,elastic_net_dynamic_fi,1,1.0895977729543835,76,2,2,0.0,False,decayed_best,24,0.97
315,elastic_net_dynamic_fi,2,1.0815595211034805,76,2,2,0.0,False,decayed_best,24,0.97
316,elastic_net_dynamic_fi,1,1.051021649504658,77,2,2,0.0,False,decayed_best,24,0.97
316,elastic_net_dynamic_fi,2,1.045747288736546,77,2,2,0.0,False,decayed_best,24,0.97
317,elastic_net_dynamic_fi,1,1.0443291149474998,78,1,1,0.0074194928020895334,True,decayed_best,24,0.97
317,elastic_net_dynamic_fi,2,1.0521354261687825,78,1,1,0.0,True,decayed_best,24,0.97
318,elastic_net_dynamic_fi,1,1.0627506203364485,79,2,2,0.0,True,decayed_best,24,0.97
318,elastic_net_dynamic_fi,2,1.0601096485077108,79,2,2,0.0024850343798450414,True,decayed_best,24,0.97
319,elastic_net_dynamic_fi,1,1.1154332454383924,80,2,2,0.0,False,decayed_best,24,0.97
319,elastic_net_dynamic_fi,2,1.0945654098067636,80,2,2,0.0,False,decayed_best,24,0.97
320,elastic_net_dynamic_fi,1,1.268724698977296,81,2,2,0.0,False,decayed_best,24,0.97
320,elastic_net_dynamic_fi,2,1.2686692723947763,81,2,2,0.0,False,decayed_best,24,0.97
321,elastic_net_dynamic_fi,1,1.265342243815845,82,2,2,0.0,False,decayed_best,24,0.97
321,elastic_net_dynamic_fi,2,1.2589375898611659,82,2,2,0.0,False,decayed_best,24,0.97
322,elastic_net_dynamic_fi,1,1.2326582993156154,83,2,2,0.0,False,decayed_best,24,0.97
322,elastic_net_dynamic_fi,2,1.2207458779909184,83,2,2,0.0,False,decayed_best,24,0.97
323,elastic_net_dynamic_fi,1,1.3459123695697615,84,2,2,0.0,False,decayed_best,24,0.97
323,elastic_net_dynamic_fi,2,1.3247297014662627,84,2,2,0.0,False,decayed_best,24,0.97
324,elastic_net_dynamic_fi,1,1.3498659153433652,85,2,2,0.0,False,decayed_best,24,0.97
324,elastic_net_dynamic_fi,2,1.330805325436332,85,2,2,0.0,False,decayed_best,24,0.97
325,elastic_net_dynamic_fi,1,1.332112996140997,86,2,2,0.0,False,decayed_best,24,0.97
325,elastic_net_dynamic_fi,2,1.312495683893316,86,2,2,0.0,False,decayed_best,24,0.97
326,elastic_net_dynamic_fi,1,1.3346892262497336,87,2,2,0.0,False,decayed_best,24,0.97
326,elastic_net_dynamic_fi,2,1.3218920389458553,87,2,2,0.0,False,decayed_best,24,0.97
327,elastic_net_dynamic_fi,1,1.3014178718563472,88,2,2,0.0,False,decayed_best,24,0.97
327,elastic_net_dynamic_fi,2,1.2870614325220107,88,2,2,0.0,False,decayed_best,24,0.97
328,elastic_net_dynamic_fi,1,1.3269812336179294,89,2,2,0.0,False,decayed_best,24,0.97
328,elastic_net_dynamic_fi,2,1.3115631596507473,89,2,2,0.0,False,decayed_best,24,0.97
329,elastic_net_dynamic_fi,1,1.3180900470152588,90,2,2,0.0,False,decayed_best,24,0.97
329,elastic_net_dynamic_fi,2,1.300200384467557,90,2,2,0.0,False,decayed_best,24,0.97
330,elastic_net_dynamic_fi,1,1.3110584522229085,91,2,2,0.0,False,decayed_best,24,0.97
330,elastic_net_dynamic_fi,2,1.292770479763169,91,2,2,0.0,False,decayed_best,24,0.97
331,elastic_net_dynamic_fi,1,1.298245970710576,92,2,2,0.0,False,decayed_best,24,0.97
331,elastic_net_dynamic_fi,2,1.2794070873956422,92,2,2,0.0,False,decayed_best,24,0.97
332,elastic_net_dynamic_fi,1,1.3538506914889663,93,2,2,0.0,False,decayed_best,24,0.97
332,elastic_net_dynamic_fi,2,1.334513325473885,93,2,2,0.0,False,decayed_best,24,0.97
333,elastic_net_dynamic_fi,1,1.3309896971421615,94,2,2,0.0,False,decayed_best,24,0.97
333,elastic_net_dynamic_fi,2,1.3123069348245926,94,2,2,0.0,False,decayed_best,24,0.97
334,elastic_net_dynamic_fi,1,1.3114661985147558,95,2,2,0.0,False,decayed_best,24,0.97
334,elastic_net_dynamic_fi,2,1.295664960486418,95,2,2,0.0,False,decayed_best,24,0.97
335,elastic_net_dynamic_fi,1,1.2680091277811332,96,2,2,0.0,False,decayed_best,24,0.97
335,elastic_net_dynamic_fi,2,1.2514989783618236,96,2,2,0.0,False,decayed_best,24,0.97
336,elastic_net_dynamic_fi,1,1.2603363673499166,97,2,2,0.0,False,decayed_best,24,0.97
336,elastic_net_dynamic_fi,2,1.2448628005568607,97,2,2,0.0,False,decayed_best,24,0.97
337,elastic_net_dynamic_fi,1,1.2462455369250665,98,2,2,0.0,False,decayed_best,24,0.97
337,elastic_net_dynamic_fi,2,1.2306673747328265,98,2,2,0.0,False,decayed_best,24,0.97
338,elastic_net_dynamic_fi,1,1.2268524759105666,99,2,2,0.0,False,decayed_best,24,0.97
338,elastic_net_dynamic_fi,2,1.2119397741744142,99,2,2,0.0,False,decayed_best,24,0.97
339,elastic_net_dynamic_fi,1,1.2284611369087997,100,2,2,0.0,False,decayed_best,24,0.97
339,elastic_net_dynamic_fi,2,1.2213961770470871,100,2,2,0.0,False,decayed_best,24,0.97
340,elastic_net_dynamic_fi,1,1.2101961719186598,101,2,2,0.0,False,decayed_best,24,0.97
340,elastic_net_dynamic_fi,2,1.2028481912106188,101,2,2,0.0,False,decayed_best,24,0.97
341,elastic_net_dynamic_fi,1,1.1733109164663018,102,2,2,0.0,False,decayed_best,24,0.97
341,elastic_net_dynamic_fi,2,1.1534483303285632,102,2,2,0.0,False,decayed_best,24,0.97
342,elastic_net_dynamic_fi,1,1.1528913108161754,103,2,2,0.0,False,decayed_best,24,0.97
342,elastic_net_dynamic_fi,2,1.1421421601123922,103,2,2,0.0,False,decayed_best,24,0.97
343,elastic_net_dynamic_fi,1,1.114244038208337,104,1,1,0.0019196632899284305,True,decayed_best,24,0.97
343,elastic_net_dynamic_fi,2,1.116387125590682,104,1,1,0.0,True,decayed_best,24,0.97
344,elastic_net_dynamic_fi,1,1.0169134545923721,105,2,2,0.0,True,decayed_best,24,0.97
344,elastic_net_dynamic_fi,2,1.001686901845541,105,2,2,0.01497330247531703,True,decayed_best,24,0.97
345,elastic_net_dynamic_fi,1,1.1212170525655327,106,2,2,0.0,False,decayed_best,24,0.97
345,elastic_net_dynamic_fi,2,1.1211384898683638,106,2,2,0.0,False,decayed_best,24,0.97
346,elastic_net_dynamic_fi,1,1.3838205012699847,107,2,2,0.0,False,decayed_best,24,0.97
346,elastic_net_dynamic_fi,2,1.374442922994477,107,2,2,0.0,False,decayed_best,24,0.97
347,elastic_net_dynamic_fi,1,1.3022548320772014,108,2,2,0.0,False,decayed_best,24,0.97
347,elastic_net_dynamic_fi,2,1.2974363851975574,108,2,2,0.0,False,decayed_best,24,0.97
348,elastic_net_dynamic_fi,1,2.4028412090060556,109,1,1,0.0027108531647134226,True,decayed_best,24,0.97
348,elastic_net_dynamic_fi,2,2.40937266451864,109,1,1,0.0,True,decayed_best,24,0.97
349,elastic_net_dynamic_fi,1,4.72934626468344,110,1,1,0.0,False,decayed_best,24,0.97
349,elastic_net_dynamic_fi,2,4.937030456650172,110,1,1,0.0,False,decayed_best,24,0.97
350,elastic_net_dynamic_fi,1,5.583060010823948,111,2,2,0.0,True,decayed_best,24,0.97
350,elastic_net_dynamic_fi,2,5.363080165429839,111,2,2,0.03940130411774745,True,decayed_best,24,0.97
351,elastic_net_dynamic_fi,1,5.904109583625409,112,2,2,0.0,False,decayed_best,24,0.97
351,elastic_net_dynamic_fi,2,5.808684635018401,112,2,2,0.0,False,decayed_best,24,0.97
352,elastic_net_dynamic_fi,1,5.840439250370459,113,2,2,0.0,False,decayed_best,24,0.97
352,elastic_net_dynamic_fi,2,5.718462710497526,113,2,2,0.0,False,decayed_best,24,0.97
353,elastic_net_dynamic_fi,1,5.753421790343974,114,2,2,0.0,False,decayed_best,24,0.97
353,elastic_net_dynamic_fi,2,5.629557598730061,114,2,2,0.0,False,decayed_best,24,0.97
354,elastic_net_dynamic_fi,1,5.665745267096901,115,2,2,0.0,False,decayed_best,24,0.97
354,elastic_net_dynamic_fi,2,5.560234580375393,115,2,2,0.0,False,decayed_best,24,0.97
355,elastic_net_dynamic_fi,1,5.598507271928593,116,2,2,0.0,False,decayed_best,24,0.97
355,elastic_net_dynamic_fi,2,5.529251654132506,116,2,2,0.0,False,decayed_best,24,0.97
356,elastic_net_dynamic_fi,1,5.507455892960082,117,2,2,0.0,False,decayed_best,24,0.97
356,elastic_net_dynamic_fi,2,5.444798150776815,117,2,2,0.0,False,decayed_best,24,0.97
357,elastic_net_dynamic_fi,1,5.427357662710187,118,2,2,0.0,False,decayed_best,24,0.97
357,elastic_net_dynamic_fi,2,5.364952192891362,118,2,2,0.0,False,decayed_best,24,0.97
358,elastic_net_dynamic_fi,1,5.368887657746473,119,2,2,0.0,False,decayed_best,24,0.97
358,elastic_net_dynamic_fi,2,5.311963489353255,119,2,2,0.0,False,decayed_best,24,0.97
359,elastic_net_dynamic_fi,1,5.326607958704739,120,2,2,0.0,False,decayed_best,24,0.97
359,elastic_net_dynamic_fi,2,5.2612377345048795,120,2,2,0.0,False,decayed_best,24,0.97
360,elastic_net_dynamic_fi,1,5.285603302751246,121,2,2,0.0,False,decayed_best,24,0.97
360,elastic_net_dynamic_fi,2,5.240055230057328,121,2,2,0.0,False,decayed_best,24,0.97
361,elastic_net_dynamic_fi,1,5.2269969378009185,122,2,2,0.0,False,decayed_best,24,0.97
361,elastic_net_dynamic_fi,2,5.1575040410499335,122,2,2,0.0,False,decayed_best,24,0.97
362,elastic_net_dynamic_fi,1,5.1609589891416805,123,2,2,0.0,False,decayed_best,24,0.97
362,elastic_net_dynamic_fi,2,5.091461884633202,123,2,2,0.0,False,decayed_best,24,0.97
363,elastic_net_dynamic_fi,1,5.095637136432726,124,2,2,0.0,False,decayed_best,24,0.97
363,elastic_net_dynamic_fi,2,5.025462715116386,124,2,2,0.0,False,decayed_best,24,0.97
364,elastic_net_dynamic_fi,1,5.022118609115578,125,2,2,0.0,False,decayed_best,24,0.97
364,elastic_net_dynamic_fi,2,4.955842559983428,125,2,2,0.0,False,decayed_best,24,0.97
365,elastic_net_dynamic_fi,1,5.063003109121968,126,2,2,0.0,False,decayed_best,24,0.97
365,elastic_net_dynamic_fi,2,5.000428709529894,126,2,2,0.0,False,decayed_best,24,0.97
366,elastic_net_dynamic_fi,1,5.002806227100987,127,2,2,0.0,False,decayed_best,24,0.97
366,elastic_net_dynamic_fi,2,4.92470795058505,127,2,2,0.0,False,decayed_best,24,0.97
367,elastic_net_dynamic_fi,1,5.038749351289821,128,2,2,0.0,False,decayed_best,24,0.97
367,elastic_net_dynamic_fi,2,4.910997989256875,128,2,2,0.0,False,decayed_best,24,0.97
368,elastic_net_dynamic_fi,1,4.97202128433937,129,2,2,0.0,False,decayed_best,24,0.97
368,elastic_net_dynamic_fi,2,4.837773053854905,129,2,2,0.0,False,decayed_best,24,0.97
369,elastic_net_dynamic_fi,1,4.894923297709544,130,2,2,0.0,False,decayed_best,24,0.97
369,elastic_net_dynamic_fi,2,4.752358583848744,130,2,2,0.0,False,decayed_best,24,0.97
370,elastic_net_dynamic_fi,1,4.786083557207804,131,2,2,0.0,False,decayed_best,24,0.97
370,elastic_net_dynamic_fi,2,4.64491137715992,131,2,2,0.0,False,decayed_best,24,0.97
371,elastic_net_dynamic_fi,1,4.713700528020242,132,2,2,0.0,False,decayed_best,24,0.97
371,elastic_net_dynamic_fi,2,4.574721116555122,132,2,2,0.0,False,decayed_best,24,0.97
372,elastic_net_dynamic_fi,1,4.46532433661991,133,2,2,0.0,False,decayed_best,24,0.97
372,elastic_net_dynamic_fi,2,4.371477889054888,133,2,2,0.0,False,decayed_best,24,0.97
373,elastic_net_dynamic_fi,1,3.468569752107166,134,2,2,0.0,False,decayed_best,24,0.97
373,elastic_net_dynamic_fi,2,3.1058010240524854,134,2,2,0.0,False,decayed_best,24,0.97
374,elastic_net_dynamic_fi,1,2.6709344301372626,135,2,2,0.0,False,decayed_best,24,0.97
374,elastic_net_dynamic_fi,2,2.624340546052394,135,2,2,0.0,False,decayed_best,24,0.97
375,elastic_net_dynamic_fi,1,2.1915825493496692,136,2,2,0.0,False,decayed_best,24,0.97
375,elastic_net_dynamic_fi,2,1.9748870054261685,136,2,2,0.0,False,decayed_best,24,0.97
376,elastic_net_dynamic_fi,1,2.1237344982577966,137,2,2,0.0,False,decayed_best,24,0.97
376,elastic_net_dynamic_fi,2,1.9417042014283623,137,2,2,0.0,False,decayed_best,24,0.97
377,elastic_net_dynamic_fi,1,2.0862193444735793,138,2,2,0.0,False,decayed_best,24,0.97
377,elastic_net_dynamic_fi,2,1.9276346521748988,138,2,2,0.0,False,decayed_best,24,0.97
378,elastic_net_dynamic_fi,1,2.141369840608265,139,2,2,0.0,False,decayed_best,24,0.97
378,elastic_net_dynamic_fi,2,1.9207102063913313,139,2,2,0.0,False,decayed_best,24,0.97
379,elastic_net_dynamic_fi,1,2.093306389507032,140,2,2,0.0,False,decayed_best,24,0.97
379,elastic_net_dynamic_fi,2,1.8215953607705935,140,2,2,0.0,False,decayed_best,24,0.97
380,elastic_net_dynamic_fi,1,2.0590881155160687,141,2,2,0.0,False,decayed_best,24,0.97
380,elastic_net_dynamic_fi,2,1.790992980085336,141,2,2,0.0,False,decayed_best,24,0.97
381,elastic_net_dynamic_fi,1,2.2940793105668225,142,2,2,0.0,False,decayed_best,24,0.97
381,elastic_net_dynamic_fi,2,1.9123893200374356,142,2,2,0.0,False,decayed_best,24,0.97
382,elastic_net_dynamic_fi,1,2.3068359336115565,143,2,2,0.0,False,decayed_best,24,0.97
382,elastic_net_dynamic_fi,2,1.9559843448425045,143,2,2,0.0,False,decayed_best,24,0.97
383,elastic_net_dynamic_fi,1,2.2841053938342157,144,2,2,0.0,False,decayed_best,24,0.97
383,elastic_net_dynamic_fi,2,1.9475422046078334,144,2,2,0.0,False,decayed_best,24,0.97
384,elastic_net_dynamic_fi,1,2.253278933136209,145,2,2,0.0,False,decayed_best,24,0.97
384,elastic_net_dynamic_fi,2,1.900627154439357,145,2,2,0.0,False,decayed_best,24,0.97
385,elastic_net_dynamic_fi,1,2.2045499252319765,146,2,2,0.0,False,decayed_best,24,0.97
385,elastic_net_dynamic_fi,2,1.875189572146262,146,2,2,0.0,False,decayed_best,24,0.97
386,elastic_net_dynamic_fi,1,2.172790768175939,147,2,2,0.0,False,decayed_best,24,0.97
386,elastic_net_dynamic_fi,2,1.8369103325991964,147,2,2,0.0,False,decayed_best,24,0.97
387,elastic_net_dynamic_fi,1,2.153957658132757,148,2,2,0.0,False,decayed_best,24,0.97
387,elastic_net_dynamic_fi,2,1.8541475230989553,148,2,2,0.0,False,decayed_best,24,0.97
388,elastic_net_dynamic_fi,1,2.117375385283623,149,2,2,0.0,False,decayed_best,24,0.97
388,elastic_net_dynamic_fi,2,1.8216237842792742,149,2,2,0.0,False,decayed_best,24,0.97
389,elastic_net_dynamic_fi,1,1.9550177472733477,150,2,2,0.0,False,decayed_best,24,0.97
389,elastic_net_dynamic_fi,2,1.6367195963884176,150,2,2,0.0,False,decayed_best,24,0.97
390,elastic_net_dynamic_fi,1,1.9069230650906699,151,2,2,0.0,False,decayed_best,24,0.97
390,elastic_net_dynamic_fi,2,1.6139326514080918,151,2,2,0.0,False,decayed_best,24,0.97
391,elastic_net_dynamic_fi,1,1.7304755032049746,152,2,2,0.0,False,decayed_best,24,0.97
391,elastic_net_dynamic_fi,2,1.499283155792402,152,2,2,0.0,False,decayed_best,24,0.97
392,elastic_net_dynamic_fi,1,1.6886228431981358,153,2,2,0.0,False,decayed_best,24,0.97
392,elastic_net_dynamic_fi,2,1.4733908029037772,153,2,2,0.0,False,decayed_best,24,0.97
393,elastic_net_dynamic_fi,1,1.7152196204577033,154,2,2,0.0,False,decayed_best,24,0.97
393,elastic_net_dynamic_fi,2,1.5391699895286766,154,2,2,0.0,False,decayed_best,24,0.97
394,elastic_net_dynamic_fi,1,1.7594649542723448,155,2,2,0.0,False,decayed_best,24,0.97
394,elastic_net_dynamic_fi,2,1.5463145801014415,155,2,2,0.0,False,decayed_best,24,0.97
395,elastic_net_dynamic_fi,1,1.7619863602375232,156,2,2,0.0,False,decayed_best,24,0.97
395,elastic_net_dynamic_fi,2,1.5545611149238465,156,2,2,0.0,False,decayed_best,24,0.97
396,elastic_net_dynamic_fi,1,1.6866383119790986,157,2,2,0.0,False,decayed_best,24,0.97
396,elastic_net_dynamic_fi,2,1.398329886296827,157,2,2,0.0,False,decayed_best,24,0.97
397,elastic_net_dynamic_fi,1,1.5465180324222034,158,2,2,0.0,False,decayed_best,24,0.97
397,elastic_net_dynamic_fi,2,1.353849799868443,158,2,2,0.0,False,decayed_best,24,0.97
398,elastic_net_dynamic_fi,1,1.7196643643309544,159,2,2,0.0,False,decayed_best,24,0.97
398,elastic_net_dynamic_fi,2,1.5345869328066413,159,2,2,0.0,False,decayed_best,24,0.97
399,elastic_net_dynamic_fi,1,1.79291751671658,160,2,2,0.0,False,decayed_best,24,0.97
399,elastic_net_dynamic_fi,2,1.5760968216151008,160,2,2,0.0,False,decayed_best,24,0.97
400,elastic_net_dynamic_fi,1,1.8658835994937277,161,2,2,0.0,False,decayed_best,24,0.97
400,elastic_net_dynamic_fi,2,1.6786162668826798,161,2,2,0.0,False,decayed_best,24,0.97
401,elastic_net_dynamic_fi,1,1.9599627124482784,162,2,2,0.0,False,decayed_best,24,0.97
401,elastic_net_dynamic_fi,2,1.7706470703471453,162,2,2,0.0,False,decayed_best,24,0.97
402,elastic_net_dynamic_fi,1,1.9247197176241888,163,2,2,0.0,False,decayed_best,24,0.97
402,elastic_net_dynamic_fi,2,1.790797908571008,163,2,2,0.0,False,decayed_best,24,0.97
403,elastic_net_dynamic_fi,1,1.8917036088305945,164,2,2,0.0,False,decayed_best,24,0.97
403,elastic_net_dynamic_fi,2,1.7625026792030656,164,2,2,0.0,False,decayed_best,24,0.97
404,elastic_net_dynamic_fi,1,1.9083429860120809,165,2,2,0.0,False,decayed_best,24,0.97
404,elastic_net_dynamic_fi,2,1.763812100238404,165,2,2,0.0,False,decayed_best,24,0.97
405,elastic_net_dynamic_fi,1,1.7841272533891912,166,2,2,0.0,False,decayed_best,24,0.97
405,elastic_net_dynamic_fi,2,1.745521217106073,166,2,2,0.0,False,decayed_best,24,0.97
