t,model,config_id,wrmse_window,window_len,active_idx,candidate_best_idx,gain_vs_incumbent,switched,selection_mode,policy_window,policy_decay
240,elastic_net_without_target_700,1,0.2702531297696652,1,1,1,0.0,False,decayed_best,24,0.97
240,elastic_net_without_target_700,2,0.30852972090426434,1,1,1,0.0,False,decayed_best,24,0.97
240,elastic_net_without_target_700,3,0.35971032175446593,1,1,1,0.0,False,decayed_best,24,0.97
240,elastic_net_without_target_700,4,0.36057410647236954,1,1,1,0.0,False,decayed_best,24,0.97
240,elastic_net_without_target_700,5,0.3604856016567225,1,1,1,0.0,False,decayed_best,24,0.97
241,elastic_net_without_target_700,1,0.33691191657328046,2,1,1,0.0,False,decayed_best,24,0.97
241,elastic_net_without_target_700,2,0.41269831572779725,2,1,1,0.0,False,decayed_best,24,0.97
241,elastic_net_without_target_700,3,0.4001931953407417,2,1,1,0.0,False,decayed_best,24,0.97
241,elastic_net_without_target_700,4,0.4006264268970647,2,1,1,0.0,False,decayed_best,24,0.97
241,elastic_net_without_target_700,5,0.4006287784791598,2,1,1,0.0,False,decayed_best,24,0.97
242,elastic_net_without_target_700,1,0.5629885021263786,3,2,2,0.0,True,decayed_best,24,0.97
242,elastic_net_without_target_700,2,0.5369591599872903,3,2,2,0.04623423398662119,True,decayed_best,24,0.97
242,elastic_net_without_target_700,3,0.8098213887157728,3,2,2,0.0,True,decayed_best,24,0.97
242,elastic_net_without_target_700,4,0.8097394025905638,3,2,2,0.0,True,decayed_best,24,0.97
242,elastic_net_without_target_700,5,0.8098500117002242,3,2,2,0.0,True,decayed_best,24,0.97
243,elastic_net_without_target_700,1,0.9326780477759785,4,1,1,0.028863090785236523,True,decayed_best,24,0.97
243,elastic_net_without_target_700,2,0.9603981054845482,4,1,1,0.0,True,decayed_best,24,0.97
243,elastic_net_without_target_700,3,0.941700543847624,4,1,1,0.0,True,decayed_best,24,0.97
243,elastic_net_without_target_700,4,0.9417548871119261,4,1,1,0.0,True,decayed_best,24,0.97
243,elastic_net_without_target_700,5,0.9417766815703529,4,1,1,0.0,True,decayed_best,24,0.97
244,elastic_net_without_target_700,1,1.7152619281824446,5,2,2,0.0,True,decayed_best,24,0.97
244,elastic_net_without_target_700,2,1.677822991398267,5,2,2,0.02182695025700787,True,decayed_best,24,0.97
244,elastic_net_without_target_700,3,1.9727181046420095,5,2,2,0.0,True,decayed_best,24,0.97
244,elastic_net_without_target_700,4,1.97294742996469,5,2,2,0.0,True,decayed_best,24,0.97
244,elastic_net_without_target_700,5,1.9729972309617556,5,2,2,0.0,True,decayed_best,24,0.97
245,elastic_net_without_target_700,1,1.560457248936807,6,2,2,0.0,False,decayed_best,24,0.97
245,elastic_net_without_target_700,2,1.5345435768729367,6,2,2,0.0,False,decayed_best,24,0.97
245,elastic_net_without_target_700,3,1.7907255952725223,6,2,2,0.0,False,decayed_best,24,0.97
245,elastic_net_without_target_700,4,1.7909284851562859,6,2,2,0.0,False,decayed_best,24,0.97
245,elastic_net_without_target_700,5,1.7909718769204404,6,2,2,0.0,False,decayed_best,24,0.97
246,elastic_net_without_target_700,1,1.5412613616095439,7,2,2,0.0,False,decayed_best,24,0.97
246,elastic_net_without_target_700,2,1.5298072363401838,7,2,2,0.0,False,decayed_best,24,0.97
246,elastic_net_without_target_700,3,1.7469798535998615,7,2,2,0.0,False,decayed_best,24,0.97
246,elastic_net_without_target_700,4,1.7471091188412962,7,2,2,0.0,False,decayed_best,24,0.97
246,elastic_net_without_target_700,5,1.747151493454849,7,2,2,0.0,False,decayed_best,24,0.97
247,elastic_net_without_target_700,1,1.552849625509225,8,2,2,0.0,False,decayed_best,24,0.97
247,elastic_net_without_target_700,2,1.5319174973886267,8,2,2,0.0,False,decayed_best,24,0.97
247,elastic_net_without_target_700,3,1.7217758416327786,8,2,2,0.0,False,decayed_best,24,0.97
247,elastic_net_without_target_700,4,1.7219192670417593,8,2,2,0.0,False,decayed_best,24,0.97
247,elastic_net_without_target_700,5,1.7219580425133858,8,2,2,0.0,False,decayed_best,24,0.97
248,elastic_net_without_target_700,1,1.4559030440462442,9,2,2,0.0,False,decayed_best,24,0.97
248,elastic_net_without_target_700,2,1.4377276089349393,9,2,2,0.0,False,decayed_best,24,0.97
248,elastic_net_without_target_700,3,1.6189605065019872,9,2,2,0.0,False,decayed_best,24,0.97
248,elastic_net_without_target_700,4,1.6190983145154942,9,2,2,0.0,False,decayed_best,24,0.97
248,elastic_net_without_target_700,5,1.6191329773459608,9,2,2,0.0,False,decayed_best,24,0.97
249,elastic_net_without_target_700,1,1.4114995143694304,10,2,2,0.0,False,decayed_best,24,0.97
249,elastic_net_without_target_700,2,1.3930406978654177,10,2,2,0.0,False,decayed_best,24,0.97
249,elastic_net_without_target_700,3,1.5777835020612214,10,2,2,0.0,False,decayed_best,24,0.97
249,elastic_net_without_target_700,4,1.5778917812167859,10,2,2,0.0,False,decayed_best,24,0.97
249,elastic_net_without_target_700,5,1.5779274706312296,10,2,2,0.0,False,decayed_best,24,0.97
250,elastic_net_without_target_700,1,1.3385931905964952,11,2,2,0.0,False,decayed_best,24,0.97
250,elastic_net_without_target_700,2,1.3229319870302443,11,2,2,0.0,False,decayed_best,24,0.97
250,elastic_net_without_target_700,3,1.4977622232517742,11,2,2,0.0,False,decayed_best,24,0.97
250,elastic_net_without_target_700,4,1.4978570923167949,11,2,2,0.0,False,decayed_best,24,0.97
250,elastic_net_without_target_700,5,1.497893666158488,11,2,2,0.0,False,decayed_best,24,0.97
251,elastic_net_without_target_700,1,1.2960318240410937,12,2,2,0.0,False,decayed_best,24,0.97
251,elastic_net_without_target_700,2,1.2789689258449704,12,2,2,0.0,False,decayed_best,24,0.97
251,elastic_net_without_target_700,3,1.4625347617944324,12,2,2,0.0,False,decayed_best,24,0.97
251,elastic_net_without_target_700,4,1.462637095874156,12,2,2,0.0,False,decayed_best,24,0.97
251,elastic_net_without_target_700,5,1.4626716794152836,12,2,2,0.0,False,decayed_best,24,0.97
252,elastic_net_without_target_700,1,1.3895021495214561,13,2,2,0.0,False,decayed_best,24,0.97
252,elastic_net_without_target_700,2,1.374601717784079,13,2,2,0.0,False,decayed_best,24,0.97
252,elastic_net_without_target_700,3,1.5189072017748673,13,2,2,0.0,False,decayed_best,24,0.97
252,elastic_net_without_target_700,4,1.519010952199412,13,2,2,0.0,False,decayed_best,24,0.97
252,elastic_net_without_target_700,5,1.5190386565822387,13,2,2,0.0,False,decayed_best,24,0.97
253,elastic_net_without_target_700,1,1.4323788116254985,14,2,2,0.0,False,decayed_best,24,0.97
253,elastic_net_without_target_700,2,1.415265962397428,14,2,2,0.0,False,decayed_best,24,0.97
253,elastic_net_without_target_700,3,1.5545713512831598,14,2,2,0.0,False,decayed_best,24,0.97
253,elastic_net_without_target_700,4,1.554644930770229,14,2,2,0.0,False,decayed_best,24,0.97
253,elastic_net_without_target_700,5,1.5546738892785048,14,2,2,0.0,False,decayed_best,24,0.97
254,elastic_net_without_target_700,1,1.479147450518809,15,2,2,0.0,False,decayed_best,24,0.97
254,elastic_net_without_target_700,2,1.4630562570276888,15,2,2,0.0,False,decayed_best,24,0.97
254,elastic_net_without_target_700,3,1.6069942787052083,15,2,2,0.0,False,decayed_best,24,0.97
254,elastic_net_without_target_700,4,1.6070589828368933,15,2,2,0.0,False,decayed_best,24,0.97
254,elastic_net_without_target_700,5,1.6070960779421746,15,2,2,0.0,False,decayed_best,24,0.97
255,elastic_net_without_target_700,1,1.4402950502439598,16,2,2,0.0,False,decayed_best,24,0.97
255,elastic_net_without_target_700,2,1.4223527944598477,16,2,2,0.0,False,decayed_best,24,0.97
255,elastic_net_without_target_700,3,1.5658849688862142,16,2,2,0.0,False,decayed_best,24,0.97
255,elastic_net_without_target_700,4,1.5659542076227448,16,2,2,0.0,False,decayed_best,24,0.97
255,elastic_net_without_target_700,5,1.5659867080986163,16,2,2,0.0,False,decayed_best,24,0.97
256,elastic_net_without_target_700,1,1.420064585310781,17,2,2,0.0,False,decayed_best,24,0.97
256,elastic_net_without_target_700,2,1.4034530657228734,17,2,2,0.0,False,decayed_best,24,0.97
256,elastic_net_without_target_700,3,1.5427121020392978,17,2,2,0.0,False,decayed_best,24,0.97
256,elastic_net_without_target_700,4,1.5428005896403445,17,2,2,0.0,False,decayed_best,24,0.97
256,elastic_net_without_target_700,5,1.5428332539237621,17,2,2,0.0,False,decayed_best,24,0.97
257,elastic_net_without_target_700,1,1.3691447832678474,18,2,2,0.0,False,decayed_best,24,0.97
257,elastic_net_without_target_700,2,1.3536496368213817,18,2,2,0.0,False,decayed_best,24,0.97
257,elastic_net_without_target_700,3,1.487425167369779,18,2,2,0.0,False,decayed_best,24,0.97
257,elastic_net_without_target_700,4,1.4875124257416186,18,2,2,0.0,False,decayed_best,24,0.97
257,elastic_net_without_target_700,5,1.4875438098054456,18,2,2,0.0,False,decayed_best,24,0.97
258,elastic_net_without_target_700,1,1.3270461446322694,19,2,2,0.0,False,decayed_best,24,0.97
258,elastic_net_without_target_700,2,1.3129763925313165,19,2,2,0.0,False,decayed_best,24,0.97
258,elastic_net_without_target_700,3,1.4483660640856417,19,2,2,0.0,False,decayed_best,24,0.97
258,elastic_net_without_target_700,4,1.448437888022154,19,2,2,0.0,False,decayed_best,24,0.97
258,elastic_net_without_target_700,5,1.4484694607632553,19,2,2,0.0,False,decayed_best,24,0.97
259,elastic_net_without_target_700,1,1.310316389907947,20,2,2,0.0,False,decayed_best,24,0.97
259,elastic_net_without_target_700,2,1.298613739194025,20,2,2,0.0,False,decayed_best,24,0.97
259,elastic_net_without_target_700,3,1.415747999677786,20,2,2,0.0,False,decayed_best,24,0.97
259,elastic_net_without_target_700,4,1.4157898280243155,20,2,2,0.0,False,decayed_best,24,0.97
259,elastic_net_without_target_700,5,1.4158198411502185,20,2,2,0.0,False,decayed_best,24,0.97
260,elastic_net_without_target_700,1,1.2715828650156105,21,2,2,0.0,False,decayed_best,24,0.97
260,elastic_net_without_target_700,2,1.2600467381823506,21,2,2,0.0,False,decayed_best,24,0.97
260,elastic_net_without_target_700,3,1.3783293564186994,21,2,2,0.0,False,decayed_best,24,0.97
260,elastic_net_without_target_700,4,1.3783553907931652,21,2,2,0.0,False,decayed_best,24,0.97
260,elastic_net_without_target_700,5,1.3783864759272157,21,2,2,0.0,False,decayed_best,24,0.97
261,elastic_net_without_target_700,1,1.2381365557490673,22,2,2,0.0,False,decayed_best,24,0.97
261,elastic_net_without_target_700,2,1.227528266454893,22,2,2,0.0,False,decayed_best,24,0.97
261,elastic_net_without_target_700,3,1.3407354299276557,22,2,2,0.0,False,decayed_best,24,0.97
261,elastic_net_without_target_700,4,1.3407686499168847,22,2,2,0.0,False,decayed_best,24,0.97
261,elastic_net_without_target_700,5,1.3407984500428292,22,2,2,0.0,False,decayed_best,24,0.97
262,elastic_net_without_target_700,1,1.2067818539401012,23,2,2,0.0,False,decayed_best,24,0.97
262,elastic_net_without_target_700,2,1.1968274605431959,23,2,2,0.0,False,decayed_best,24,0.97
262,elastic_net_without_target_700,3,1.3016277298551562,23,2,2,0.0,False,decayed_best,24,0.97
262,elastic_net_without_target_700,4,1.3016579150339422,23,2,2,0.0,False,decayed_best,24,0.97
262,elastic_net_without_target_700,5,1.3016858283710375,23,2,2,0.0,False,decayed_best,24,0.97
263,elastic_net_without_target_700,1,1.174680314270404,24,2,2,0.0,False,decayed_best,24,0.97
263,elastic_net_without_target_700,2,1.1655538686672633,24,2,2,0.0,False,decayed_best,24,0.97
263,elastic_net_without_target_700,3,1.2663510642243698,24,2,2,0.0,False,decayed_best,24,0.97
263,elastic_net_without_target_700,4,1.2663877737099825,24,2,2,0.0,False,decayed_best,24,0.97
263,elastic_net_without_target_700,5,1.266413028332783,24,2,2,0.0,False,decayed_best,24,0.97
264,elastic_net_without_target_700,1,1.198996340265714,25,2,2,0.0,False,decayed_best,24,0.97
264,elastic_net_without_target_700,2,1.187637283237692,25,2,2,0.0,False,decayed_best,24,0.97
264,elastic_net_without_target_700,3,1.2893645033592176,25,2,2,0.0,False,decayed_best,24,0.97
264,elastic_net_without_target_700,4,1.2893891962754997,25,2,2,0.0,False,decayed_best,24,0.97
264,elastic_net_without_target_700,5,1.2894179078963346,25,2,2,0.0,False,decayed_best,24,0.97
265,elastic_net_without_target_700,1,1.1936304829496747,26,2,2,0.0,False,decayed_best,24,0.97
265,elastic_net_without_target_700,2,1.1790609870419733,26,2,2,0.0,False,decayed_best,24,0.97
265,elastic_net_without_target_700,3,1.281665292485386,26,2,2,0.0,False,decayed_best,24,0.97
265,elastic_net_without_target_700,4,1.2816802057625072,26,2,2,0.0,False,decayed_best,24,0.97
265,elastic_net_without_target_700,5,1.2817099926652058,26,2,2,0.0,False,decayed_best,24,0.97
266,elastic_net_without_target_700,1,1.2065753882571213,27,2,2,0.0,False,decayed_best,24,0.97
266,elastic_net_without_target_700,2,1.1946442717555814,27,2,2,0.0,False,decayed_best,24,0.97
266,elastic_net_without_target_700,3,1.2860495792593205,27,2,2,0.0,False,decayed_best,24,0.97
266,elastic_net_without_target_700,4,1.2860763806742044,27,2,2,0.0,False,decayed_best,24,0.97
266,elastic_net_without_target_700,5,1.286102521248134,27,2,2,0.0,False,decayed_best,24,0.97
267,elastic_net_without_target_700,1,1.2233741167299013,28,2,2,0.0,False,decayed_best,24,0.97
267,elastic_net_without_target_700,2,1.2082216878584815,28,2,2,0.0,False,decayed_best,24,0.97
267,elastic_net_without_target_700,3,1.30028634188633,28,2,2,0.0,False,decayed_best,24,0.97
267,elastic_net_without_target_700,4,1.3002627251344536,28,2,2,0.0,False,decayed_best,24,0.97
267,elastic_net_without_target_700,5,1.3002977953990575,28,2,2,0.0,False,decayed_best,24,0.97
268,elastic_net_without_target_700,1,1.132723392154835,29,2,2,0.0,False,decayed_best,24,0.97
268,elastic_net_without_target_700,2,1.1243422100348317,29,2,2,0.0,False,decayed_best,24,0.97
268,elastic_net_without_target_700,3,1.1587439928316043,29,2,2,0.0,False,decayed_best,24,0.97
268,elastic_net_without_target_700,4,1.1586944778227655,29,2,2,0.0,False,decayed_best,24,0.97
268,elastic_net_without_target_700,5,1.1587215609104737,29,2,2,0.0,False,decayed_best,24,0.97
269,elastic_net_without_target_700,1,1.1470170691895205,30,2,2,0.0,False,decayed_best,24,0.97
269,elastic_net_without_target_700,2,1.140661003180883,30,2,2,0.0,False,decayed_best,24,0.97
269,elastic_net_without_target_700,3,1.1719162527596425,30,2,2,0.0,False,decayed_best,24,0.97
269,elastic_net_without_target_700,4,1.1718319007926952,30,2,2,0.0,False,decayed_best,24,0.97
269,elastic_net_without_target_700,5,1.1718624939137405,30,2,2,0.0,False,decayed_best,24,0.97
270,elastic_net_without_target_700,1,1.1239565354126173,31,2,2,0.0,False,decayed_best,24,0.97
270,elastic_net_without_target_700,2,1.1141313632648329,31,2,2,0.0,False,decayed_best,24,0.97
270,elastic_net_without_target_700,3,1.1622626107991627,31,2,2,0.0,False,decayed_best,24,0.97
270,elastic_net_without_target_700,4,1.162205711262805,31,2,2,0.0,False,decayed_best,24,0.97
270,elastic_net_without_target_700,5,1.1622413209461813,31,2,2,0.0,False,decayed_best,24,0.97
271,elastic_net_without_target_700,1,1.1067348769315768,32,2,2,0.0,False,decayed_best,24,0.97
271,elastic_net_without_target_700,2,1.0991178501304069,32,2,2,0.0,False,decayed_best,24,0.97
271,elastic_net_without_target_700,3,1.1445329164483813,32,2,2,0.0,False,decayed_best,24,0.97
271,elastic_net_without_target_700,4,1.1444795382835797,32,2,2,0.0,False,decayed_best,24,0.97
271,elastic_net_without_target_700,5,1.1445157148030285,32,2,2,0.0,False,decayed_best,24,0.97
272,elastic_net_without_target_700,1,1.1174639877592456,33,2,2,0.0,False,decayed_best,24,0.97
272,elastic_net_without_target_700,2,1.110517379021455,33,2,2,0.0,False,decayed_best,24,0.97
272,elastic_net_without_target_700,3,1.152094447514173,33,2,2,0.0,False,decayed_best,24,0.97
272,elastic_net_without_target_700,4,1.1520171655126945,33,2,2,0.0,False,decayed_best,24,0.97
272,elastic_net_without_target_700,5,1.152052834520244,33,2,2,0.0,False,decayed_best,24,0.97
273,elastic_net_without_target_700,1,1.0914297297020747,34,2,2,0.0,False,decayed_best,24,0.97
273,elastic_net_without_target_700,2,1.0853545804748694,34,2,2,0.0,False,decayed_best,24,0.97
273,elastic_net_without_target_700,3,1.1180785467257,34,2,2,0.0,False,decayed_best,24,0.97
273,elastic_net_without_target_700,4,1.1180122305026559,34,2,2,0.0,False,decayed_best,24,0.97
273,elastic_net_without_target_700,5,1.118046450960868,34,2,2,0.0,False,decayed_best,24,0.97
274,elastic_net_without_target_700,1,1.0902572412760083,35,2,2,0.0,False,decayed_best,24,0.97
274,elastic_net_without_target_700,2,1.0842416110651933,35,2,2,0.0,False,decayed_best,24,0.97
274,elastic_net_without_target_700,3,1.1114640784115708,35,2,2,0.0,False,decayed_best,24,0.97
274,elastic_net_without_target_700,4,1.1114166894026374,35,2,2,0.0,False,decayed_best,24,0.97
274,elastic_net_without_target_700,5,1.111447623624611,35,2,2,0.0,False,decayed_best,24,0.97
275,elastic_net_without_target_700,1,1.067767029329072,36,2,2,0.0,False,decayed_best,24,0.97
275,elastic_net_without_target_700,2,1.0635579459504376,36,2,2,0.0,False,decayed_best,24,0.97
275,elastic_net_without_target_700,3,1.0797662687560678,36,2,2,0.0,False,decayed_best,24,0.97
275,elastic_net_without_target_700,4,1.0797144213553926,36,2,2,0.0,False,decayed_best,24,0.97
275,elastic_net_without_target_700,5,1.0797447064823604,36,2,2,0.0,False,decayed_best,24,0.97
276,elastic_net_without_target_700,1,0.9982645505001405,37,2,2,0.0,False,decayed_best,24,0.97
276,elastic_net_without_target_700,2,0.9947944927321049,37,2,2,0.0,False,decayed_best,24,0.97
276,elastic_net_without_target_700,3,1.0116689826356569,37,2,2,0.0,False,decayed_best,24,0.97
276,elastic_net_without_target_700,4,1.0116179509127967,37,2,2,0.0,False,decayed_best,24,0.97
276,elastic_net_without_target_700,5,1.0116482799966702,37,2,2,0.0,False,decayed_best,24,0.97
277,elastic_net_without_target_700,1,0.9505709740420681,38,2,2,0.0,False,decayed_best,24,0.97
277,elastic_net_without_target_700,2,0.9496949107119249,38,2,2,0.0,False,decayed_best,24,0.97
277,elastic_net_without_target_700,3,0.9578121081452902,38,2,2,0.0,False,decayed_best,24,0.97
277,elastic_net_without_target_700,4,0.9577930882520143,38,2,2,0.0,False,decayed_best,24,0.97
277,elastic_net_without_target_700,5,0.9578183151995425,38,2,2,0.0,False,decayed_best,24,0.97
278,elastic_net_without_target_700,1,0.9202714337863253,39,1,1,0.0009423053945794013,True,decayed_best,24,0.97
278,elastic_net_without_target_700,2,0.9211394284389031,39,1,1,0.0,True,decayed_best,24,0.97
278,elastic_net_without_target_700,3,0.924044947678254,39,1,1,0.0,True,decayed_best,24,0.97
278,elastic_net_without_target_700,4,0.9240473681475676,39,1,1,0.0,True,decayed_best,24,0.97
278,elastic_net_without_target_700,5,0.9240664845530239,39,1,1,0.0,True,decayed_best,24,0.97
279,elastic_net_without_target_700,1,0.8976065463363356,40,1,1,0.0,False,decayed_best,24,0.97
279,elastic_net_without_target_700,2,0.898970052327342,40,1,1,0.0,False,decayed_best,24,0.97
279,elastic_net_without_target_700,3,0.9062105238651169,40,1,1,0.0,False,decayed_best,24,0.97
279,elastic_net_without_target_700,4,0.906204941109627,40,1,1,0.0,False,decayed_best,24,0.97
279,elastic_net_without_target_700,5,0.9062290376852923,40,1,1,0.0,False,decayed_best,24,0.97
280,elastic_net_without_target_700,1,0.9306597140747147,41,2,2,0.0,True,decayed_best,24,0.97
280,elastic_net_without_target_700,2,0.9252779273369452,41,2,2,0.005782765339875207,True,decayed_best,24,0.97
280,elastic_net_without_target_700,3,0.9339233688734063,41,2,2,0.0,True,decayed_best,24,0.97
280,elastic_net_without_target_700,4,0.9338648720974515,41,2,2,0.0,True,decayed_best,24,0.97
280,elastic_net_without_target_700,5,0.9338959720048888,41,2,2,0.0,True,decayed_best,24,0.97
281,elastic_net_without_target_700,1,1.2297953716626533,42,1,1,0.0042317641922503535,True,decayed_best,24,0.97
281,elastic_net_without_target_700,2,1.2350216922365123,42,1,1,0.0,True,decayed_best,24,0.97
281,elastic_net_without_target_700,3,1.243338486765001,42,1,1,0.0,True,decayed_best,24,0.97
281,elastic_net_without_target_700,4,1.2432723085321586,42,1,1,0.0,True,decayed_best,24,0.97
281,elastic_net_without_target_700,5,1.243304457010266,42,1,1,0.0,True,decayed_best,24,0.97
282,elastic_net_without_target_700,1,1.330414019738408,43,2,2,0.0,True,decayed_best,24,0.97
282,elastic_net_without_target_700,2,1.3298638570743584,43,2,2,0.0004135274101799702,True,decayed_best,24,0.97
282,elastic_net_without_target_700,3,1.3632391646804276,43,2,2,0.0,True,decayed_best,24,0.97
282,elastic_net_without_target_700,4,1.3631892433368453,43,2,2,0.0,True,decayed_best,24,0.97
282,elastic_net_without_target_700,5,1.363225089355653,43,2,2,0.0,True,decayed_best,24,0.97
283,elastic_net_without_target_700,1,1.298669526185809,44,2,2,0.0,False,decayed_best,24,0.97
283,elastic_net_without_target_700,2,1.2974546022349012,44,2,2,0.0,False,decayed_best,24,0.97
283,elastic_net_without_target_700,3,1.336659242389812,44,2,2,0.0,False,decayed_best,24,0.97
283,elastic_net_without_target_700,4,1.336622188219151,44,2,2,0.0,False,decayed_best,24,0.97
283,elastic_net_without_target_700,5,1.3366583576930315,44,2,2,0.0,False,decayed_best,24,0.97
284,elastic_net_without_target_700,1,1.2775466900283041,45,2,2,0.0,False,decayed_best,24,0.97
284,elastic_net_without_target_700,2,1.2764791353293088,45,2,2,0.0,False,decayed_best,24,0.97
284,elastic_net_without_target_700,3,1.3146706537680442,45,2,2,0.0,False,decayed_best,24,0.97
284,elastic_net_without_target_700,4,1.314635902139298,45,2,2,0.0,False,decayed_best,24,0.97
284,elastic_net_without_target_700,5,1.3146723567898961,45,2,2,0.0,False,decayed_best,24,0.97
285,elastic_net_without_target_700,1,1.3022743930833645,46,2,2,0.0,False,decayed_best,24,0.97
285,elastic_net_without_target_700,2,1.3019342772608824,46,2,2,0.0,False,decayed_best,24,0.97
285,elastic_net_without_target_700,3,1.3188208329741633,46,2,2,0.0,False,decayed_best,24,0.97
285,elastic_net_without_target_700,4,1.3188055316533938,46,2,2,0.0,False,decayed_best,24,0.97
285,elastic_net_without_target_700,5,1.318830884267694,46,2,2,0.0,False,decayed_best,24,0.97
286,elastic_net_without_target_700,1,1.338671194699728,47,1,1,0.0007229438928931797,True,decayed_best,24,0.97
286,elastic_net_without_target_700,2,1.339639679024356,47,1,1,0.0,True,decayed_best,24,0.97
286,elastic_net_without_target_700,3,1.3644257758289604,47,1,1,0.0,True,decayed_best,24,0.97
286,elastic_net_without_target_700,4,1.364438040305026,47,1,1,0.0,True,decayed_best,24,0.97
286,elastic_net_without_target_700,5,1.3644569398369348,47,1,1,0.0,True,decayed_best,24,0.97
287,elastic_net_without_target_700,1,1.317400007484569,48,1,1,0.0,False,decayed_best,24,0.97
287,elastic_net_without_target_700,2,1.3183885450123196,48,1,1,0.0,False,decayed_best,24,0.97
287,elastic_net_without_target_700,3,1.3428205757397302,48,1,1,0.0,False,decayed_best,24,0.97
287,elastic_net_without_target_700,4,1.3428325417067268,48,1,1,0.0,False,decayed_best,24,0.97
287,elastic_net_without_target_700,5,1.342850933430269,48,1,1,0.0,False,decayed_best,24,0.97
288,elastic_net_without_target_700,1,1.2788353057475597,49,1,1,0.0,False,decayed_best,24,0.97
288,elastic_net_without_target_700,2,1.2809309210600361,49,1,1,0.0,False,decayed_best,24,0.97
288,elastic_net_without_target_700,3,1.305814960437651,49,1,1,0.0,False,decayed_best,24,0.97
288,elastic_net_without_target_700,4,1.3058261570868117,49,1,1,0.0,False,decayed_best,24,0.97
288,elastic_net_without_target_700,5,1.305844847809552,49,1,1,0.0,False,decayed_best,24,0.97
289,elastic_net_without_target_700,1,1.2582883276995012,50,1,1,0.0,False,decayed_best,24,0.97
289,elastic_net_without_target_700,2,1.261314249178649,50,1,1,0.0,False,decayed_best,24,0.97
289,elastic_net_without_target_700,3,1.2842373013568467,50,1,1,0.0,False,decayed_best,24,0.97
289,elastic_net_without_target_700,4,1.2842501195572051,50,1,1,0.0,False,decayed_best,24,0.97
289,elastic_net_without_target_700,5,1.2842672525268959,50,1,1,0.0,False,decayed_best,24,0.97
290,elastic_net_without_target_700,1,1.2240657619118334,51,1,1,0.0,False,decayed_best,24,0.97
290,elastic_net_without_target_700,2,1.2273376579456463,51,1,1,0.0,False,decayed_best,24,0.97
290,elastic_net_without_target_700,3,1.2524588489113206,51,1,1,0.0,False,decayed_best,24,0.97
290,elastic_net_without_target_700,4,1.252473326952285,51,1,1,0.0,False,decayed_best,24,0.97
290,elastic_net_without_target_700,5,1.2524924636889587,51,1,1,0.0,False,decayed_best,24,0.97
291,elastic_net_without_target_700,1,1.1896024323653167,52,1,1,0.0,False,decayed_best,24,0.97
291,elastic_net_without_target_700,2,1.1925325685644124,52,1,1,0.0,False,decayed_best,24,0.97
291,elastic_net_without_target_700,3,1.2219703809526679,52,1,1,0.0,False,decayed_best,24,0.97
291,elastic_net_without_target_700,4,1.2220081876709326,52,1,1,0.0,False,decayed_best,24,0.97
291,elastic_net_without_target_700,5,1.2220264498901114,52,1,1,0.0,False,decayed_best,24,0.97
292,elastic_net_without_target_700,1,1.1660024152613495,53,1,1,0.0,False,decayed_best,24,0.97
292,elastic_net_without_target_700,2,1.171375330091844,53,1,1,0.0,False,decayed_best,24,0.97
292,elastic_net_without_target_700,3,1.1868945493011724,53,1,1,0.0,False,decayed_best,24,0.97
292,elastic_net_without_target_700,4,1.1869217450844587,53,1,1,0.0,False,decayed_best,24,0.97
292,elastic_net_without_target_700,5,1.1869362773103886,53,1,1,0.0,False,decayed_best,24,0.97
293,elastic_net_without_target_700,1,1.2945631872812344,54,2,2,0.0,True,decayed_best,24,0.97
293,elastic_net_without_target_700,2,1.2915245030858526,54,2,2,0.0023472660316901095,True,decayed_best,24,0.97
293,elastic_net_without_target_700,3,1.3444416113471744,54,2,2,0.0,True,decayed_best,24,0.97
293,elastic_net_without_target_700,4,1.344434672402725,54,2,2,0.0,True,decayed_best,24,0.97
293,elastic_net_without_target_700,5,1.3444794828226851,54,2,2,0.0,True,decayed_best,24,0.97
294,elastic_net_without_target_700,1,1.2697706967909723,55,2,2,0.0,False,decayed_best,24,0.97
294,elastic_net_without_target_700,2,1.266965893471146,55,2,2,0.0,False,decayed_best,24,0.97
294,elastic_net_without_target_700,3,1.3143826669443657,55,2,2,0.0,False,decayed_best,24,0.97
294,elastic_net_without_target_700,4,1.3143672615434656,55,2,2,0.0,False,decayed_best,24,0.97
294,elastic_net_without_target_700,5,1.3144107915224537,55,2,2,0.0,False,decayed_best,24,0.97
295,elastic_net_without_target_700,1,1.2454369035996538,56,2,2,0.0,False,decayed_best,24,0.97
295,elastic_net_without_target_700,2,1.242508722930589,56,2,2,0.0,False,decayed_best,24,0.97
295,elastic_net_without_target_700,3,1.2981855785737664,56,2,2,0.0,False,decayed_best,24,0.97
295,elastic_net_without_target_700,4,1.2981630953873926,56,2,2,0.0,False,decayed_best,24,0.97
295,elastic_net_without_target_700,5,1.2982078142340805,56,2,2,0.0,False,decayed_best,24,0.97
296,elastic_net_without_target_700,1,1.2475840873488913,57,2,2,0.0,False,decayed_best,24,0.97
296,elastic_net_without_target_700,2,1.2411726855176468,57,2,2,0.0,False,decayed_best,24,0.97
296,elastic_net_without_target_700,3,1.3186043116147954,57,2,2,0.0,False,decayed_best,24,0.97
296,elastic_net_without_target_700,4,1.3186168962001172,57,2,2,0.0,False,decayed_best,24,0.97
296,elastic_net_without_target_700,5,1.3186615751448811,57,2,2,0.0,False,decayed_best,24,0.97
297,elastic_net_without_target_700,1,1.232805878971625,58,2,2,0.0,False,decayed_best,24,0.97
297,elastic_net_without_target_700,2,1.2273628356958652,58,2,2,0.0,False,decayed_best,24,0.97
297,elastic_net_without_target_700,3,1.3037030250299788,58,2,2,0.0,False,decayed_best,24,0.97
297,elastic_net_without_target_700,4,1.303721390367662,58,2,2,0.0,False,decayed_best,24,0.97
297,elastic_net_without_target_700,5,1.3037626679032974,58,2,2,0.0,False,decayed_best,24,0.97
298,elastic_net_without_target_700,1,1.2752338650868829,59,2,2,0.0,False,decayed_best,24,0.97
298,elastic_net_without_target_700,2,1.2676281180865978,59,2,2,0.0,False,decayed_best,24,0.97
298,elastic_net_without_target_700,3,1.3364288146049044,59,2,2,0.0,False,decayed_best,24,0.97
298,elastic_net_without_target_700,4,1.3364512605948944,59,2,2,0.0,False,decayed_best,24,0.97
298,elastic_net_without_target_700,5,1.3364852959398055,59,2,2,0.0,False,decayed_best,24,0.97
299,elastic_net_without_target_700,1,1.2561671913464345,60,2,2,0.0,False,decayed_best,24,0.97
299,elastic_net_without_target_700,2,1.2489959479621633,60,2,2,0.0,False,decayed_best,24,0.97
299,elastic_net_without_target_700,3,1.324925545443438,60,2,2,0.0,False,decayed_best,24,0.97
299,elastic_net_without_target_700,4,1.3249474765854907,60,2,2,0.0,False,decayed_best,24,0.97
299,elastic_net_without_target_700,5,1.3249841079577078,60,2,2,0.0,False,decayed_best,24,0.97
300,elastic_net_without_target_700,1,1.2604271204146835,61,2,2,0.0,False,decayed_best,24,0.97
300,elastic_net_without_target_700,2,1.2539167639262943,61,2,2,0.0,False,decayed_best,24,0.97
300,elastic_net_without_target_700,3,1.3433003487657882,61,2,2,0.0,False,decayed_best,24,0.97
300,elastic_net_without_target_700,4,1.3433328921280527,61,2,2,0.0,False,decayed_best,24,0.97
300,elastic_net_without_target_700,5,1.3433702012133915,61,2,2,0.0,False,decayed_best,24,0.97
301,elastic_net_without_target_700,1,1.2361748393002738,62,2,2,0.0,False,decayed_best,24,0.97
301,elastic_net_without_target_700,2,1.2295339072833105,62,2,2,0.0,False,decayed_best,24,0.97
301,elastic_net_without_target_700,3,1.3185858446934968,62,2,2,0.0,False,decayed_best,24,0.97
301,elastic_net_without_target_700,4,1.3186098603805667,62,2,2,0.0,False,decayed_best,24,0.97
301,elastic_net_without_target_700,5,1.3186479773291668,62,2,2,0.0,False,decayed_best,24,0.97
302,elastic_net_without_target_700,1,1.2692530756947087,63,2,2,0.0,False,decayed_best,24,0.97
302,elastic_net_without_target_700,2,1.2601051686800762,63,2,2,0.0,False,decayed_best,24,0.97
302,elastic_net_without_target_700,3,1.3466669928584618,63,2,2,0.0,False,decayed_best,24,0.97
302,elastic_net_without_target_700,4,1.3466994978720295,63,2,2,0.0,False,decayed_best,24,0.97
302,elastic_net_without_target_700,5,1.3467353744080173,63,2,2,0.0,False,decayed_best,24,0.97
303,elastic_net_without_target_700,1,1.3025213714970234,64,2,2,0.0,False,decayed_best,24,0.97
303,elastic_net_without_target_700,2,1.2921821222909295,64,2,2,0.0,False,decayed_best,24,0.97
303,elastic_net_without_target_700,3,1.368879575231755,64,2,2,0.0,False,decayed_best,24,0.97
303,elastic_net_without_target_700,4,1.368902604010659,64,2,2,0.0,False,decayed_best,24,0.97
303,elastic_net_without_target_700,5,1.368937438789963,64,2,2,0.0,False,decayed_best,24,0.97
304,elastic_net_without_target_700,1,1.288240458412341,65,2,2,0.0,False,decayed_best,24,0.97
304,elastic_net_without_target_700,2,1.2810151235146872,65,2,2,0.0,False,decayed_best,24,0.97
304,elastic_net_without_target_700,3,1.3586541318478214,65,2,2,0.0,False,decayed_best,24,0.97
304,elastic_net_without_target_700,4,1.3587045408144698,65,2,2,0.0,False,decayed_best,24,0.97
304,elastic_net_without_target_700,5,1.3587354180398663,65,2,2,0.0,False,decayed_best,24,0.97
305,elastic_net_without_target_700,1,1.1641181204199575,66,2,2,0.0,False,decayed_best,24,0.97
305,elastic_net_without_target_700,2,1.1503161078139552,66,2,2,0.0,False,decayed_best,24,0.97
305,elastic_net_without_target_700,3,1.2357514769588849,66,2,2,0.0,False,decayed_best,24,0.97
305,elastic_net_without_target_700,4,1.2358068457764406,66,2,2,0.0,False,decayed_best,24,0.97
305,elastic_net_without_target_700,5,1.2358368483800106,66,2,2,0.0,False,decayed_best,24,0.97
306,elastic_net_without_target_700,1,1.091858185258186,67,2,2,0.0,False,decayed_best,24,0.97
306,elastic_net_without_target_700,2,1.0790948161701674,67,2,2,0.0,False,decayed_best,24,0.97
306,elastic_net_without_target_700,3,1.1494304992704658,67,2,2,0.0,False,decayed_best,24,0.97
306,elastic_net_without_target_700,4,1.1494899930187032,67,2,2,0.0,False,decayed_best,24,0.97
306,elastic_net_without_target_700,5,1.1495170246089577,67,2,2,0.0,False,decayed_best,24,0.97
307,elastic_net_without_target_700,1,1.0754964673321432,68,2,2,0.0,False,decayed_best,24,0.97
307,elastic_net_without_target_700,2,1.0630077192427028,68,2,2,0.0,False,decayed_best,24,0.97
307,elastic_net_without_target_700,3,1.1318187861824098,68,2,2,0.0,False,decayed_best,24,0.97
307,elastic_net_without_target_700,4,1.131875760800078,68,2,2,0.0,False,decayed_best,24,0.97
307,elastic_net_without_target_700,5,1.1319020206616142,68,2,2,0.0,False,decayed_best,24,0.97
308,elastic_net_without_target_700,1,1.06315504583929,69,2,2,0.0,False,decayed_best,24,0.97
308,elastic_net_without_target_700,2,1.05059522604909,69,2,2,0.0,False,decayed_best,24,0.97
308,elastic_net_without_target_700,3,1.1142931419934377,69,2,2,0.0,False,decayed_best,24,0.97
308,elastic_net_without_target_700,4,1.1143543754267606,69,2,2,0.0,False,decayed_best,24,0.97
308,elastic_net_without_target_700,5,1.1143785665658554,69,2,2,0.0,False,decayed_best,24,0.97
309,elastic_net_without_target_700,1,1.1159001261520782,70,2,2,0.0,False,decayed_best,24,0.97
309,elastic_net_without_target_700,2,1.102227268891448,70,2,2,0.0,False,decayed_best,24,0.97
309,elastic_net_without_target_700,3,1.1701752724653562,70,2,2,0.0,False,decayed_best,24,0.97
309,elastic_net_without_target_700,4,1.1702186555781693,70,2,2,0.0,False,decayed_best,24,0.97
309,elastic_net_without_target_700,5,1.1702471414071642,70,2,2,0.0,False,decayed_best,24,0.97
310,elastic_net_without_target_700,1,1.073657949766378,71,2,2,0.0,False,decayed_best,24,0.97
310,elastic_net_without_target_700,2,1.0589797577131945,71,2,2,0.0,False,decayed_best,24,0.97
310,elastic_net_without_target_700,3,1.1330277771573243,71,2,2,0.0,False,decayed_best,24,0.97
310,elastic_net_without_target_700,4,1.1330462605563436,71,2,2,0.0,False,decayed_best,24,0.97
310,elastic_net_without_target_700,5,1.1330826343775657,71,2,2,0.0,False,decayed_best,24,0.97
311,elastic_net_without_target_700,1,1.1094967947041543,72,2,2,0.0,False,decayed_best,24,0.97
311,elastic_net_without_target_700,2,1.097538990359306,72,2,2,0.0,False,decayed_best,24,0.97
311,elastic_net_without_target_700,3,1.1665472824867895,72,2,2,0.0,False,decayed_best,24,0.97
311,elastic_net_without_target_700,4,1.166573634119178,72,2,2,0.0,False,decayed_best,24,0.97
311,elastic_net_without_target_700,5,1.1666032562067825,72,2,2,0.0,False,decayed_best,24,0.97
312,elastic_net_without_target_700,1,1.1205950812100878,73,2,2,0.0,False,decayed_best,24,0.97
312,elastic_net_without_target_700,2,1.1051666845641013,73,2,2,0.0,False,decayed_best,24,0.97
312,elastic_net_without_target_700,3,1.1921075615770484,73,2,2,0.0,False,decayed_best,24,0.97
312,elastic_net_without_target_700,4,1.1921465948123255,73,2,2,0.0,False,decayed_best,24,0.97
312,elastic_net_without_target_700,5,1.1921817051249435,73,2,2,0.0,False,decayed_best,24,0.97
313,elastic_net_without_target_700,1,1.1467558418357122,74,2,2,0.0,False,decayed_best,24,0.97
313,elastic_net_without_target_700,2,1.1352489130872063,74,2,2,0.0,False,decayed_best,24,0.97
313,elastic_net_without_target_700,3,1.2093488654577895,74,2,2,0.0,False,decayed_best,24,0.97
313,elastic_net_without_target_700,4,1.2093612941964447,74,2,2,0.0,False,decayed_best,24,0.97
313,elastic_net_without_target_700,5,1.209393401366198,74,2,2,0.0,False,decayed_best,24,0.97
314,elastic_net_without_target_700,1,1.142354056795243,75,2,2,0.0,False,decayed_best,24,0.97
314,elastic_net_without_target_700,2,1.1304327047379512,75,2,2,0.0,False,decayed_best,24,0.97
314,elastic_net_without_target_700,3,1.197914891100309,75,2,2,0.0,False,decayed_best,24,0.97
314,elastic_net_without_target_700,4,1.197941965291942,75,2,2,0.0,False,decayed_best,24,0.97
314,elastic_net_without_target_700,5,1.197972393716625,75,2,2,0.0,False,decayed_best,24,0.97
315,elastic_net_without_target_700,1,1.1290878934741517,76,2,2,0.0,False,decayed_best,24,0.97
315,elastic_net_without_target_700,2,1.1175256573694639,76,2,2,0.0,False,decayed_best,24,0.97
315,elastic_net_without_target_700,3,1.2014137544774424,76,2,2,0.0,False,decayed_best,24,0.97
315,elastic_net_without_target_700,4,1.2014147866289364,76,2,2,0.0,False,decayed_best,24,0.97
315,elastic_net_without_target_700,5,1.2014593914253182,76,2,2,0.0,False,decayed_best,24,0.97
316,elastic_net_without_target_700,1,1.1019808752128553,77,2,2,0.0,False,decayed_best,24,0.97
316,elastic_net_without_target_700,2,1.0896007292962993,77,2,2,0.0,False,decayed_best,24,0.97
316,elastic_net_without_target_700,3,1.1794494884844402,77,2,2,0.0,False,decayed_best,24,0.97
316,elastic_net_without_target_700,4,1.1794503728451022,77,2,2,0.0,False,decayed_best,24,0.97
316,elastic_net_without_target_700,5,1.1794967497047302,77,2,2,0.0,False,decayed_best,24,0.97
317,elastic_net_without_target_700,1,1.0440912221676704,78,2,2,0.0,False,decayed_best,24,0.97
317,elastic_net_without_target_700,2,1.0385751088094317,78,2,2,0.0,False,decayed_best,24,0.97
317,elastic_net_without_target_700,3,1.1139713250011067,78,2,2,0.0,False,decayed_best,24,0.97
317,elastic_net_without_target_700,4,1.1139714023140228,78,2,2,0.0,False,decayed_best,24,0.97
317,elastic_net_without_target_700,5,1.114000201711987,78,2,2,0.0,False,decayed_best,24,0.97
318,elastic_net_without_target_700,1,1.089442753624406,79,2,2,0.0,False,decayed_best,24,0.97
318,elastic_net_without_target_700,2,1.0803109311884527,79,2,2,0.0,False,decayed_best,24,0.97
318,elastic_net_without_target_700,3,1.1690993917353847,79,2,2,0.0,False,decayed_best,24,0.97
318,elastic_net_without_target_700,4,1.169110352628344,79,2,2,0.0,False,decayed_best,24,0.97
318,elastic_net_without_target_700,5,1.169149873252165,79,2,2,0.0,False,decayed_best,24,0.97
319,elastic_net_without_target_700,1,1.1548573082772313,80,2,2,0.0,False,decayed_best,24,0.97
319,elastic_net_without_target_700,2,1.1438878094356035,80,2,2,0.0,False,decayed_best,24,0.97
319,elastic_net_without_target_700,3,1.2384297343956223,80,2,2,0.0,False,decayed_best,24,0.97
319,elastic_net_without_target_700,4,1.2384285173398968,80,2,2,0.0,False,decayed_best,24,0.97
319,elastic_net_without_target_700,5,1.2384802483897026,80,2,2,0.0,False,decayed_best,24,0.97
320,elastic_net_without_target_700,1,1.2798271098769654,81,2,2,0.0,False,decayed_best,24,0.97
320,elastic_net_without_target_700,2,1.2714960286214452,81,2,2,0.0,False,decayed_best,24,0.97
320,elastic_net_without_target_700,3,1.3635488057235874,81,2,2,0.0,False,decayed_best,24,0.97
320,elastic_net_without_target_700,4,1.3634525131829751,81,2,2,0.0,False,decayed_best,24,0.97
320,elastic_net_without_target_700,5,1.36351311789343,81,2,2,0.0,False,decayed_best,24,0.97
321,elastic_net_without_target_700,1,1.2915231049601412,82,2,2,0.0,False,decayed_best,24,0.97
321,elastic_net_without_target_700,2,1.2820685625301989,82,2,2,0.0,False,decayed_best,24,0.97
321,elastic_net_without_target_700,3,1.3653227380035273,82,2,2,0.0,False,decayed_best,24,0.97
321,elastic_net_without_target_700,4,1.3652411118643428,82,2,2,0.0,False,decayed_best,24,0.97
321,elastic_net_without_target_700,5,1.3653014633677196,82,2,2,0.0,False,decayed_best,24,0.97
322,elastic_net_without_target_700,1,1.2754429448564895,83,2,2,0.0,False,decayed_best,24,0.97
322,elastic_net_without_target_700,2,1.2675812951101506,83,2,2,0.0,False,decayed_best,24,0.97
322,elastic_net_without_target_700,3,1.3550618074518461,83,2,2,0.0,False,decayed_best,24,0.97
322,elastic_net_without_target_700,4,1.3549906121414674,83,2,2,0.0,False,decayed_best,24,0.97
322,elastic_net_without_target_700,5,1.355055890087108,83,2,2,0.0,False,decayed_best,24,0.97
323,elastic_net_without_target_700,1,1.380300279794652,84,2,2,0.0,False,decayed_best,24,0.97
323,elastic_net_without_target_700,2,1.3747684578735344,84,2,2,0.0,False,decayed_best,24,0.97
323,elastic_net_without_target_700,3,1.3982379208934694,84,2,2,0.0,False,decayed_best,24,0.97
323,elastic_net_without_target_700,4,1.3981770102228992,84,2,2,0.0,False,decayed_best,24,0.97
323,elastic_net_without_target_700,5,1.3982276477716704,84,2,2,0.0,False,decayed_best,24,0.97
324,elastic_net_without_target_700,1,1.4091852085840109,85,2,2,0.0,False,decayed_best,24,0.97
324,elastic_net_without_target_700,2,1.403262504427616,85,2,2,0.0,False,decayed_best,24,0.97
324,elastic_net_without_target_700,3,1.4725024016699584,85,2,2,0.0,False,decayed_best,24,0.97
324,elastic_net_without_target_700,4,1.4724485043848539,85,2,2,0.0,False,decayed_best,24,0.97
324,elastic_net_without_target_700,5,1.4725137133119544,85,2,2,0.0,False,decayed_best,24,0.97
325,elastic_net_without_target_700,1,1.3893895012464443,86,2,2,0.0,False,decayed_best,24,0.97
325,elastic_net_without_target_700,2,1.3832171555301032,86,2,2,0.0,False,decayed_best,24,0.97
325,elastic_net_without_target_700,3,1.4502463731536956,86,2,2,0.0,False,decayed_best,24,0.97
325,elastic_net_without_target_700,4,1.450193350790126,86,2,2,0.0,False,decayed_best,24,0.97
325,elastic_net_without_target_700,5,1.450257575813217,86,2,2,0.0,False,decayed_best,24,0.97
326,elastic_net_without_target_700,1,1.4053738864557022,87,2,2,0.0,False,decayed_best,24,0.97
326,elastic_net_without_target_700,2,1.4029792152676561,87,2,2,0.0,False,decayed_best,24,0.97
326,elastic_net_without_target_700,3,1.5268516707220319,87,2,2,0.0,False,decayed_best,24,0.97
326,elastic_net_without_target_700,4,1.5268041112213289,87,2,2,0.0,False,decayed_best,24,0.97
326,elastic_net_without_target_700,5,1.5268817168683253,87,2,2,0.0,False,decayed_best,24,0.97
327,elastic_net_without_target_700,1,1.3748323564930327,88,2,2,0.0,False,decayed_best,24,0.97
327,elastic_net_without_target_700,2,1.3742525795012057,88,2,2,0.0,False,decayed_best,24,0.97
327,elastic_net_without_target_700,3,1.514739100890474,88,2,2,0.0,False,decayed_best,24,0.97
327,elastic_net_without_target_700,4,1.5147051114043164,88,2,2,0.0,False,decayed_best,24,0.97
327,elastic_net_without_target_700,5,1.5147856279340084,88,2,2,0.0,False,decayed_best,24,0.97
328,elastic_net_without_target_700,1,1.3961412261294597,89,2,2,0.0,False,decayed_best,24,0.97
328,elastic_net_without_target_700,2,1.3936239324463457,89,2,2,0.0,False,decayed_best,24,0.97
328,elastic_net_without_target_700,3,1.551910402759905,89,2,2,0.0,False,decayed_best,24,0.97
328,elastic_net_without_target_700,4,1.5518693468289841,89,2,2,0.0,False,decayed_best,24,0.97
328,elastic_net_without_target_700,5,1.5519538467119105,89,2,2,0.0,False,decayed_best,24,0.97
329,elastic_net_without_target_700,1,1.4054256999653267,90,2,2,0.0,False,decayed_best,24,0.97
329,elastic_net_without_target_700,2,1.4029323856395814,90,2,2,0.0,False,decayed_best,24,0.97
329,elastic_net_without_target_700,3,1.5461549676333726,90,2,2,0.0,False,decayed_best,24,0.97
329,elastic_net_without_target_700,4,1.5461065274251689,90,2,2,0.0,False,decayed_best,24,0.97
329,elastic_net_without_target_700,5,1.5461934424519603,90,2,2,0.0,False,decayed_best,24,0.97
330,elastic_net_without_target_700,1,1.3925934606102144,91,2,2,0.0,False,decayed_best,24,0.97
330,elastic_net_without_target_700,2,1.3905091927699096,91,2,2,0.0,False,decayed_best,24,0.97
330,elastic_net_without_target_700,3,1.5306310381052304,91,2,2,0.0,False,decayed_best,24,0.97
330,elastic_net_without_target_700,4,1.5305694554192713,91,2,2,0.0,False,decayed_best,24,0.97
330,elastic_net_without_target_700,5,1.5306577033073745,91,2,2,0.0,False,decayed_best,24,0.97
331,elastic_net_without_target_700,1,1.3720581363605573,92,2,2,0.0,False,decayed_best,24,0.97
331,elastic_net_without_target_700,2,1.3699235778563206,92,2,2,0.0,False,decayed_best,24,0.97
331,elastic_net_without_target_700,3,1.5074399120012993,92,2,2,0.0,False,decayed_best,24,0.97
331,elastic_net_without_target_700,4,1.5073793675028058,92,2,2,0.0,False,decayed_best,24,0.97
331,elastic_net_without_target_700,5,1.507466117445499,92,2,2,0.0,False,decayed_best,24,0.97
332,elastic_net_without_target_700,1,1.3739356320281304,93,2,2,0.0,False,decayed_best,24,0.97
332,elastic_net_without_target_700,2,1.3710157091556994,93,2,2,0.0,False,decayed_best,24,0.97
332,elastic_net_without_target_700,3,1.4990173107508342,93,2,2,0.0,False,decayed_best,24,0.97
332,elastic_net_without_target_700,4,1.4989416098414903,93,2,2,0.0,False,decayed_best,24,0.97
332,elastic_net_without_target_700,5,1.4990234039065045,93,2,2,0.0,False,decayed_best,24,0.97
333,elastic_net_without_target_700,1,1.3994261618816206,94,2,2,0.0,False,decayed_best,24,0.97
333,elastic_net_without_target_700,2,1.3942260501640247,94,2,2,0.0,False,decayed_best,24,0.97
333,elastic_net_without_target_700,3,1.5271179827509755,94,2,2,0.0,False,decayed_best,24,0.97
333,elastic_net_without_target_700,4,1.5270517495812421,94,2,2,0.0,False,decayed_best,24,0.97
333,elastic_net_without_target_700,5,1.527142503677555,94,2,2,0.0,False,decayed_best,24,0.97
334,elastic_net_without_target_700,1,1.375032536930152,95,2,2,0.0,False,decayed_best,24,0.97
334,elastic_net_without_target_700,2,1.3699897468147133,95,2,2,0.0,False,decayed_best,24,0.97
334,elastic_net_without_target_700,3,1.4975820852519757,95,2,2,0.0,False,decayed_best,24,0.97
334,elastic_net_without_target_700,4,1.4975198939080692,95,2,2,0.0,False,decayed_best,24,0.97
334,elastic_net_without_target_700,5,1.4976078501458912,95,2,2,0.0,False,decayed_best,24,0.97
335,elastic_net_without_target_700,1,1.3377543687698632,96,2,2,0.0,False,decayed_best,24,0.97
335,elastic_net_without_target_700,2,1.332080721772721,96,2,2,0.0,False,decayed_best,24,0.97
335,elastic_net_without_target_700,3,1.4620658738691552,96,2,2,0.0,False,decayed_best,24,0.97
335,elastic_net_without_target_700,4,1.4620017395149072,96,2,2,0.0,False,decayed_best,24,0.97
335,elastic_net_without_target_700,5,1.4620944188720852,96,2,2,0.0,False,decayed_best,24,0.97
336,elastic_net_without_target_700,1,1.3475114774385961,97,2,2,0.0,False,decayed_best,24,0.97
336,elastic_net_without_target_700,2,1.3442374774295476,97,2,2,0.0,False,decayed_best,24,0.97
336,elastic_net_without_target_700,3,1.475904357316691,97,2,2,0.0,False,decayed_best,24,0.97
336,elastic_net_without_target_700,4,1.4758449612071318,97,2,2,0.0,False,decayed_best,24,0.97
336,elastic_net_without_target_700,5,1.4759403830745341,97,2,2,0.0,False,decayed_best,24,0.97
337,elastic_net_without_target_700,1,1.3232368205419955,98,2,2,0.0,False,decayed_best,24,0.97
337,elastic_net_without_target_700,2,1.3185162937091033,98,2,2,0.0,False,decayed_best,24,0.97
337,elastic_net_without_target_700,3,1.4454058299903438,98,2,2,0.0,False,decayed_best,24,0.97
337,elastic_net_without_target_700,4,1.4453549393844156,98,2,2,0.0,False,decayed_best,24,0.97
337,elastic_net_without_target_700,5,1.4454468075257734,98,2,2,0.0,False,decayed_best,24,0.97
338,elastic_net_without_target_700,1,1.3034726297924268,99,2,2,0.0,False,decayed_best,24,0.97
338,elastic_net_without_target_700,2,1.2983388847667237,99,2,2,0.0,False,decayed_best,24,0.97
338,elastic_net_without_target_700,3,1.4306202442142248,99,2,2,0.0,False,decayed_best,24,0.97
338,elastic_net_without_target_700,4,1.4305579230124819,99,2,2,0.0,False,decayed_best,24,0.97
338,elastic_net_without_target_700,5,1.430654251884168,99,2,2,0.0,False,decayed_best,24,0.97
339,elastic_net_without_target_700,1,1.2896126357745463,100,2,2,0.0,False,decayed_best,24,0.97
339,elastic_net_without_target_700,2,1.2840677780811944,100,2,2,0.0,False,decayed_best,24,0.97
339,elastic_net_without_target_700,3,1.4149622146585819,100,2,2,0.0,False,decayed_best,24,0.97
339,elastic_net_without_target_700,4,1.4149102818256285,100,2,2,0.0,False,decayed_best,24,0.97
339,elastic_net_without_target_700,5,1.414996350745242,100,2,2,0.0,False,decayed_best,24,0.97
340,elastic_net_without_target_700,1,1.2859147536669706,101,2,2,0.0,False,decayed_best,24,0.97
340,elastic_net_without_target_700,2,1.2789649591323964,101,2,2,0.0,False,decayed_best,24,0.97
340,elastic_net_without_target_700,3,1.425510878560981,101,2,2,0.0,False,decayed_best,24,0.97
340,elastic_net_without_target_700,4,1.4255063426486532,101,2,2,0.0,False,decayed_best,24,0.97
340,elastic_net_without_target_700,5,1.4255941657224813,101,2,2,0.0,False,decayed_best,24,0.97
341,elastic_net_without_target_700,1,1.2824894733780807,102,2,2,0.0,False,decayed_best,24,0.97
341,elastic_net_without_target_700,2,1.2741383520987022,102,2,2,0.0,False,decayed_best,24,0.97
341,elastic_net_without_target_700,3,1.4362761545745084,102,2,2,0.0,False,decayed_best,24,0.97
341,elastic_net_without_target_700,4,1.4363360911660765,102,2,2,0.0,False,decayed_best,24,0.97
341,elastic_net_without_target_700,5,1.4364259505164079,102,2,2,0.0,False,decayed_best,24,0.97
342,elastic_net_without_target_700,1,1.2488446384641916,103,2,2,0.0,False,decayed_best,24,0.97
342,elastic_net_without_target_700,2,1.2415546699210362,103,2,2,0.0,False,decayed_best,24,0.97
342,elastic_net_without_target_700,3,1.404596417069273,103,2,2,0.0,False,decayed_best,24,0.97
342,elastic_net_without_target_700,4,1.4046277042650206,103,2,2,0.0,False,decayed_best,24,0.97
342,elastic_net_without_target_700,5,1.4047182184893459,103,2,2,0.0,False,decayed_best,24,0.97
343,elastic_net_without_target_700,1,1.1957353364599976,104,2,2,0.0,False,decayed_best,24,0.97
343,elastic_net_without_target_700,2,1.1897782624124118,104,2,2,0.0,False,decayed_best,24,0.97
343,elastic_net_without_target_700,3,1.3459150857882487,104,2,2,0.0,False,decayed_best,24,0.97
343,elastic_net_without_target_700,4,1.3459491193256898,104,2,2,0.0,False,decayed_best,24,0.97
343,elastic_net_without_target_700,5,1.346032295748209,104,2,2,0.0,False,decayed_best,24,0.97
344,elastic_net_without_target_700,1,1.119893480971404,105,2,2,0.0,False,decayed_best,24,0.97
344,elastic_net_without_target_700,2,1.1137811928558852,105,2,2,0.0,False,decayed_best,24,0.97
344,elastic_net_without_target_700,3,1.2575920103929454,105,2,2,0.0,False,decayed_best,24,0.97
344,elastic_net_without_target_700,4,1.2576698016278414,105,2,2,0.0,False,decayed_best,24,0.97
344,elastic_net_without_target_700,5,1.257749539248694,105,2,2,0.0,False,decayed_best,24,0.97
345,elastic_net_without_target_700,1,1.2100578921749432,106,2,2,0.0,False,decayed_best,24,0.97
345,elastic_net_without_target_700,2,1.1989080051997347,106,2,2,0.0,False,decayed_best,24,0.97
345,elastic_net_without_target_700,3,1.3537728608766624,106,2,2,0.0,False,decayed_best,24,0.97
345,elastic_net_without_target_700,4,1.3537932081516755,106,2,2,0.0,False,decayed_best,24,0.97
345,elastic_net_without_target_700,5,1.3538770989376254,106,2,2,0.0,False,decayed_best,24,0.97
346,elastic_net_without_target_700,1,1.47840514461255,107,2,2,0.0,False,decayed_best,24,0.97
346,elastic_net_without_target_700,2,1.4738085511213805,107,2,2,0.0,False,decayed_best,24,0.97
346,elastic_net_without_target_700,3,1.5938423556015606,107,2,2,0.0,False,decayed_best,24,0.97
346,elastic_net_without_target_700,4,1.5938922001177493,107,2,2,0.0,False,decayed_best,24,0.97
346,elastic_net_without_target_700,5,1.5939609482190127,107,2,2,0.0,False,decayed_best,24,0.97
347,elastic_net_without_target_700,1,1.4007098606576514,108,2,2,0.0,False,decayed_best,24,0.97
347,elastic_net_without_target_700,2,1.3952425059242386,108,2,2,0.0,False,decayed_best,24,0.97
347,elastic_net_without_target_700,3,1.5442195840825432,108,2,2,0.0,False,decayed_best,24,0.97
347,elastic_net_without_target_700,4,1.5442630493820964,108,2,2,0.0,False,decayed_best,24,0.97
347,elastic_net_without_target_700,5,1.5443382625732553,108,2,2,0.0,False,decayed_best,24,0.97
348,elastic_net_without_target_700,1,2.386693321904768,109,2,2,0.0,False,decayed_best,24,0.97
348,elastic_net_without_target_700,2,2.385473935597725,109,2,2,0.0,False,decayed_best,24,0.97
348,elastic_net_without_target_700,3,2.4706497325993566,109,2,2,0.0,False,decayed_best,24,0.97
348,elastic_net_without_target_700,4,2.470596571604289,109,2,2,0.0,False,decayed_best,24,0.97
348,elastic_net_without_target_700,5,2.47064036053452,109,2,2,0.0,False,decayed_best,24,0.97
349,elastic_net_without_target_700,1,4.236224784466946,110,5,5,0.0,True,decayed_best,24,0.97
349,elastic_net_without_target_700,2,4.304777759761564,110,5,5,0.0,True,decayed_best,24,0.97
349,elastic_net_without_target_700,3,3.8927810621210837,110,5,5,0.0,True,decayed_best,24,0.97
349,elastic_net_without_target_700,4,3.892266774379359,110,5,5,0.0,True,decayed_best,24,0.97
349,elastic_net_without_target_700,5,3.8921753612031513,110,5,5,0.09584754930095774,True,decayed_best,24,0.97
350,elastic_net_without_target_700,1,5.212733570219498,111,3,3,0.0,True,decayed_best,24,0.97
350,elastic_net_without_target_700,2,5.228231742203002,111,3,3,0.0,True,decayed_best,24,0.97
350,elastic_net_without_target_700,3,5.181507607462924,111,3,3,5.7103055675744585e-05,True,decayed_best,24,0.97
350,elastic_net_without_target_700,4,5.181837256945001,111,3,3,0.0,True,decayed_best,24,0.97
350,elastic_net_without_target_700,5,5.18180350427693,111,3,3,0.0,True,decayed_best,24,0.97
351,elastic_net_without_target_700,1,5.480315635757257,112,3,3,0.0,False,decayed_best,24,0.97
351,elastic_net_without_target_700,2,5.521463379144756,112,3,3,0.0,False,decayed_best,24,0.97
351,elastic_net_without_target_700,3,5.2148426489044315,112,3,3,0.0,False,decayed_best,24,0.97
351,elastic_net_without_target_700,4,5.21501946829533,112,3,3,0.0,False,decayed_best,24,0.97
351,elastic_net_without_target_700,5,5.214959691008961,112,3,3,0.0,False,decayed_best,24,0.97
352,elastic_net_without_target_700,1,5.4683600749117085,113,3,3,0.0,False,decayed_best,24,0.97
352,elastic_net_without_target_700,2,5.493936059552387,113,3,3,0.0,False,decayed_best,24,0.97
352,elastic_net_without_target_700,3,5.306652362697076,113,3,3,0.0,False,decayed_best,24,0.97
352,elastic_net_without_target_700,4,5.3071778352070025,113,3,3,0.0,False,decayed_best,24,0.97
352,elastic_net_without_target_700,5,5.30712473926269,113,3,3,0.0,False,decayed_best,24,0.97
353,elastic_net_without_target_700,1,5.381850453960359,114,3,3,0.0,False,decayed_best,24,0.97
353,elastic_net_without_target_700,2,5.407145321453382,114,3,3,0.0,False,decayed_best,24,0.97
353,elastic_net_without_target_700,3,5.224028718547581,114,3,3,0.0,False,decayed_best,24,0.97
353,elastic_net_without_target_700,4,5.2245448761690385,114,3,3,0.0,False,decayed_best,24,0.97
353,elastic_net_without_target_700,5,5.224493071273311,114,3,3,0.0,False,decayed_best,24,0.97
354,elastic_net_without_target_700,1,5.304319133386049,115,3,3,0.0,False,decayed_best,24,0.97
354,elastic_net_without_target_700,2,5.328873420509209,115,3,3,0.0,False,decayed_best,24,0.97
354,elastic_net_without_target_700,3,5.145990682683412,115,3,3,0.0,False,decayed_best,24,0.97
354,elastic_net_without_target_700,4,5.1464948210855574,115,3,3,0.0,False,decayed_best,24,0.97
354,elastic_net_without_target_700,5,5.146442705351192,115,3,3,0.0,False,decayed_best,24,0.97
355,elastic_net_without_target_700,1,5.250702981945025,116,3,3,0.0,False,decayed_best,24,0.97
355,elastic_net_without_target_700,2,5.2796747128437245,116,3,3,0.0,False,decayed_best,24,0.97
355,elastic_net_without_target_700,3,5.093266138255087,116,3,3,0.0,False,decayed_best,24,0.97
355,elastic_net_without_target_700,4,5.093748568114123,116,3,3,0.0,False,decayed_best,24,0.97
355,elastic_net_without_target_700,5,5.093693808582414,116,3,3,0.0,False,decayed_best,24,0.97
356,elastic_net_without_target_700,1,5.173444304536313,117,3,3,0.0,False,decayed_best,24,0.97
356,elastic_net_without_target_700,2,5.203164125264895,117,3,3,0.0,False,decayed_best,24,0.97
356,elastic_net_without_target_700,3,5.03543253201414,117,3,3,0.0,False,decayed_best,24,0.97
356,elastic_net_without_target_700,4,5.035889026301221,117,3,3,0.0,False,decayed_best,24,0.97
356,elastic_net_without_target_700,5,5.035843525580472,117,3,3,0.0,False,decayed_best,24,0.97
357,elastic_net_without_target_700,1,5.085942522938886,118,3,3,0.0,False,decayed_best,24,0.97
357,elastic_net_without_target_700,2,5.115669770492856,118,3,3,0.0,False,decayed_best,24,0.97
357,elastic_net_without_target_700,3,4.954932495501273,118,3,3,0.0,False,decayed_best,24,0.97
357,elastic_net_without_target_700,4,4.955375436233697,118,3,3,0.0,False,decayed_best,24,0.97
357,elastic_net_without_target_700,5,4.955330053847639,118,3,3,0.0,False,decayed_best,24,0.97
358,elastic_net_without_target_700,1,5.057565705042017,119,3,3,0.0,False,decayed_best,24,0.97
358,elastic_net_without_target_700,2,5.083179697970305,119,3,3,0.0,False,decayed_best,24,0.97
358,elastic_net_without_target_700,3,4.928530917613353,119,3,3,0.0,False,decayed_best,24,0.97
358,elastic_net_without_target_700,4,4.92898866881909,119,3,3,0.0,False,decayed_best,24,0.97
358,elastic_net_without_target_700,5,4.92894277173103,119,3,3,0.0,False,decayed_best,24,0.97
359,elastic_net_without_target_700,1,5.016107448698938,120,3,3,0.0,False,decayed_best,24,0.97
359,elastic_net_without_target_700,2,5.039186790638603,120,3,3,0.0,False,decayed_best,24,0.97
359,elastic_net_without_target_700,3,4.8930208687935,120,3,3,0.0,False,decayed_best,24,0.97
359,elastic_net_without_target_700,4,4.893499644034733,120,3,3,0.0,False,decayed_best,24,0.97
359,elastic_net_without_target_700,5,4.893448557704084,120,3,3,0.0,False,decayed_best,24,0.97
360,elastic_net_without_target_700,1,4.943694556606755,121,3,3,0.0,False,decayed_best,24,0.97
360,elastic_net_without_target_700,2,4.967382466111883,121,3,3,0.0,False,decayed_best,24,0.97
360,elastic_net_without_target_700,3,4.812113289466763,121,3,3,0.0,False,decayed_best,24,0.97
360,elastic_net_without_target_700,4,4.812571306226496,121,3,3,0.0,False,decayed_best,24,0.97
360,elastic_net_without_target_700,5,4.812519792252822,121,3,3,0.0,False,decayed_best,24,0.97
361,elastic_net_without_target_700,1,4.901587466038098,122,3,3,0.0,False,decayed_best,24,0.97
361,elastic_net_without_target_700,2,4.920126917101876,122,3,3,0.0,False,decayed_best,24,0.97
361,elastic_net_without_target_700,3,4.7791839413390464,122,3,3,0.0,False,decayed_best,24,0.97
361,elastic_net_without_target_700,4,4.779694958292941,122,3,3,0.0,False,decayed_best,24,0.97
361,elastic_net_without_target_700,5,4.779645553060959,122,3,3,0.0,False,decayed_best,24,0.97
362,elastic_net_without_target_700,1,4.844352386619484,123,3,3,0.0,False,decayed_best,24,0.97
362,elastic_net_without_target_700,2,4.862748609237679,123,3,3,0.0,False,decayed_best,24,0.97
362,elastic_net_without_target_700,3,4.716016466223425,123,3,3,0.0,False,decayed_best,24,0.97
362,elastic_net_without_target_700,4,4.716526106277255,123,3,3,0.0,False,decayed_best,24,0.97
362,elastic_net_without_target_700,5,4.716474790661839,123,3,3,0.0,False,decayed_best,24,0.97
363,elastic_net_without_target_700,1,4.790822544823732,124,3,3,0.0,False,decayed_best,24,0.97
363,elastic_net_without_target_700,2,4.810070674106763,124,3,3,0.0,False,decayed_best,24,0.97
363,elastic_net_without_target_700,3,4.665307819808392,124,3,3,0.0,False,decayed_best,24,0.97
363,elastic_net_without_target_700,4,4.665827530416413,124,3,3,0.0,False,decayed_best,24,0.97
363,elastic_net_without_target_700,5,4.665774893152629,124,3,3,0.0,False,decayed_best,24,0.97
364,elastic_net_without_target_700,1,4.734986714542199,125,3,3,0.0,False,decayed_best,24,0.97
364,elastic_net_without_target_700,2,4.7477579174309,125,3,3,0.0,False,decayed_best,24,0.97
364,elastic_net_without_target_700,3,4.620980096398167,125,3,3,0.0,False,decayed_best,24,0.97
364,elastic_net_without_target_700,4,4.621496393211772,125,3,3,0.0,False,decayed_best,24,0.97
364,elastic_net_without_target_700,5,4.621447360212593,125,3,3,0.0,False,decayed_best,24,0.97
365,elastic_net_without_target_700,1,4.76821028878946,126,3,3,0.0,False,decayed_best,24,0.97
365,elastic_net_without_target_700,2,4.78291012540131,126,3,3,0.0,False,decayed_best,24,0.97
365,elastic_net_without_target_700,3,4.673866066066579,126,3,3,0.0,False,decayed_best,24,0.97
365,elastic_net_without_target_700,4,4.674327637908272,126,3,3,0.0,False,decayed_best,24,0.97
365,elastic_net_without_target_700,5,4.674287163565806,126,3,3,0.0,False,decayed_best,24,0.97
366,elastic_net_without_target_700,1,4.722809252732187,127,3,3,0.0,False,decayed_best,24,0.97
366,elastic_net_without_target_700,2,4.735709713294087,127,3,3,0.0,False,decayed_best,24,0.97
366,elastic_net_without_target_700,3,4.638982835077938,127,3,3,0.0,False,decayed_best,24,0.97
366,elastic_net_without_target_700,4,4.639498675507293,127,3,3,0.0,False,decayed_best,24,0.97
366,elastic_net_without_target_700,5,4.639456942433626,127,3,3,0.0,False,decayed_best,24,0.97
367,elastic_net_without_target_700,1,4.771630286916527,128,3,3,0.0,False,decayed_best,24,0.97
367,elastic_net_without_target_700,2,4.779621582234472,128,3,3,0.0,False,decayed_best,24,0.97
367,elastic_net_without_target_700,3,4.71950149544541,128,3,3,0.0,False,decayed_best,24,0.97
367,elastic_net_without_target_700,4,4.720128449801545,128,3,3,0.0,False,decayed_best,24,0.97
367,elastic_net_without_target_700,5,4.720079179648544,128,3,3,0.0,False,decayed_best,24,0.97
368,elastic_net_without_target_700,1,4.7024138619621105,129,3,3,0.0,False,decayed_best,24,0.97
368,elastic_net_without_target_700,2,4.710777446940998,129,3,3,0.0,False,decayed_best,24,0.97
368,elastic_net_without_target_700,3,4.652554369806955,129,3,3,0.0,False,decayed_best,24,0.97
368,elastic_net_without_target_700,4,4.653177108107985,129,3,3,0.0,False,decayed_best,24,0.97
368,elastic_net_without_target_700,5,4.653128303661001,129,3,3,0.0,False,decayed_best,24,0.97
369,elastic_net_without_target_700,1,4.619623279558253,130,3,3,0.0,False,decayed_best,24,0.97
369,elastic_net_without_target_700,2,4.629892545034119,130,3,3,0.0,False,decayed_best,24,0.97
369,elastic_net_without_target_700,3,4.567840546961824,130,3,3,0.0,False,decayed_best,24,0.97
369,elastic_net_without_target_700,4,4.568470892297849,130,3,3,0.0,False,decayed_best,24,0.97
369,elastic_net_without_target_700,5,4.568418806420426,130,3,3,0.0,False,decayed_best,24,0.97
370,elastic_net_without_target_700,1,4.507696158860257,131,3,3,0.0,False,decayed_best,24,0.97
370,elastic_net_without_target_700,2,4.517373628161543,131,3,3,0.0,False,decayed_best,24,0.97
370,elastic_net_without_target_700,3,4.462793841577198,131,3,3,0.0,False,decayed_best,24,0.97
370,elastic_net_without_target_700,4,4.463415897810993,131,3,3,0.0,False,decayed_best,24,0.97
370,elastic_net_without_target_700,5,4.463366731041465,131,3,3,0.0,False,decayed_best,24,0.97
371,elastic_net_without_target_700,1,4.441329988283582,132,3,3,0.0,False,decayed_best,24,0.97
371,elastic_net_without_target_700,2,4.450138703468569,132,3,3,0.0,False,decayed_best,24,0.97
371,elastic_net_without_target_700,3,4.400921358615945,132,3,3,0.0,False,decayed_best,24,0.97
371,elastic_net_without_target_700,4,4.401539819888353,132,3,3,0.0,False,decayed_best,24,0.97
371,elastic_net_without_target_700,5,4.4014920762659715,132,3,3,0.0,False,decayed_best,24,0.97
372,elastic_net_without_target_700,1,4.180584016803263,133,3,3,0.0,False,decayed_best,24,0.97
372,elastic_net_without_target_700,2,4.189273227251188,133,3,3,0.0,False,decayed_best,24,0.97
372,elastic_net_without_target_700,3,4.113038969518406,133,3,3,0.0,False,decayed_best,24,0.97
372,elastic_net_without_target_700,4,4.113678175652636,133,3,3,0.0,False,decayed_best,24,0.97
372,elastic_net_without_target_700,5,4.113626458399508,133,3,3,0.0,False,decayed_best,24,0.97
373,elastic_net_without_target_700,1,3.4079919974173682,134,2,2,0.0,True,decayed_best,24,0.97
373,elastic_net_without_target_700,2,3.3816352955442692,134,2,2,0.057915847414773514,True,decayed_best,24,0.97
373,elastic_net_without_target_700,3,3.589525719400472,134,2,2,0.0,True,decayed_best,24,0.97
373,elastic_net_without_target_700,4,3.5906691044415613,134,2,2,0.0,True,decayed_best,24,0.97
373,elastic_net_without_target_700,5,3.590667295543955,134,2,2,0.0,True,decayed_best,24,0.97
374,elastic_net_without_target_700,1,2.588973094649752,135,3,3,0.0,True,decayed_best,24,0.97
374,elastic_net_without_target_700,2,2.5924947592398984,135,3,3,0.0,True,decayed_best,24,0.97
374,elastic_net_without_target_700,3,2.5676577770650564,135,3,3,0.00958034035992572,True,decayed_best,24,0.97
374,elastic_net_without_target_700,4,2.5685416796743428,135,3,3,0.0,True,decayed_best,24,0.97
374,elastic_net_without_target_700,5,2.568500746526203,135,3,3,0.0,True,decayed_best,24,0.97
375,elastic_net_without_target_700,1,2.2066690769607593,136,2,2,0.0,True,decayed_best,24,0.97
375,elastic_net_without_target_700,2,2.1813260805669583,136,2,2,0.10044267946509478,True,decayed_best,24,0.97
375,elastic_net_without_target_700,3,2.4248883653905153,136,2,2,0.0,True,decayed_best,24,0.97
375,elastic_net_without_target_700,4,2.4259740776856717,136,2,2,0.0,True,decayed_best,24,0.97
375,elastic_net_without_target_700,5,2.4259532927295715,136,2,2,0.0,True,decayed_best,24,0.97
376,elastic_net_without_target_700,1,2.1011953093578315,137,2,2,0.0,False,decayed_best,24,0.97
376,elastic_net_without_target_700,2,2.0966838609005003,137,2,2,0.0,False,decayed_best,24,0.97
376,elastic_net_without_target_700,3,2.2195621982332443,137,2,2,0.0,False,decayed_best,24,0.97
376,elastic_net_without_target_700,4,2.2203722130655184,137,2,2,0.0,False,decayed_best,24,0.97
376,elastic_net_without_target_700,5,2.2203446480330618,137,2,2,0.0,False,decayed_best,24,0.97
377,elastic_net_without_target_700,1,2.0687334665084234,138,2,2,0.0,False,decayed_best,24,0.97
377,elastic_net_without_target_700,2,2.063667267306276,138,2,2,0.0,False,decayed_best,24,0.97
377,elastic_net_without_target_700,3,2.19060510599469,138,2,2,0.0,False,decayed_best,24,0.97
377,elastic_net_without_target_700,4,2.1913966997043235,138,2,2,0.0,False,decayed_best,24,0.97
377,elastic_net_without_target_700,5,2.1913682022348313,138,2,2,0.0,False,decayed_best,24,0.97
378,elastic_net_without_target_700,1,2.1654884882551504,139,2,2,0.0,False,decayed_best,24,0.97
378,elastic_net_without_target_700,2,2.1507933378444384,139,2,2,0.0,False,decayed_best,24,0.97
378,elastic_net_without_target_700,3,2.228177587536075,139,2,2,0.0,False,decayed_best,24,0.97
378,elastic_net_without_target_700,4,2.22902956829029,139,2,2,0.0,False,decayed_best,24,0.97
378,elastic_net_without_target_700,5,2.2289915260619653,139,2,2,0.0,False,decayed_best,24,0.97
379,elastic_net_without_target_700,1,2.1030608298346865,140,2,2,0.0,False,decayed_best,24,0.97
379,elastic_net_without_target_700,2,2.081727948214756,140,2,2,0.0,False,decayed_best,24,0.97
379,elastic_net_without_target_700,3,2.1759417128016163,140,2,2,0.0,False,decayed_best,24,0.97
379,elastic_net_without_target_700,4,2.1768041574324455,140,2,2,0.0,False,decayed_best,24,0.97
379,elastic_net_without_target_700,5,2.176770114520268,140,2,2,0.0,False,decayed_best,24,0.97
380,elastic_net_without_target_700,1,2.0767579870672734,141,2,2,0.0,False,decayed_best,24,0.97
380,elastic_net_without_target_700,2,2.0569722380001703,141,2,2,0.0,False,decayed_best,24,0.97
380,elastic_net_without_target_700,3,2.1249027302515118,141,2,2,0.0,False,decayed_best,24,0.97
380,elastic_net_without_target_700,4,2.1257885924154927,141,2,2,0.0,False,decayed_best,24,0.97
380,elastic_net_without_target_700,5,2.1257441645984083,141,2,2,0.0,False,decayed_best,24,0.97
381,elastic_net_without_target_700,1,2.2717667956338725,142,2,2,0.0,False,decayed_best,24,0.97
381,elastic_net_without_target_700,2,2.2429142672552,142,2,2,0.0,False,decayed_best,24,0.97
381,elastic_net_without_target_700,3,2.3896389824690334,142,2,2,0.0,False,decayed_best,24,0.97
381,elastic_net_without_target_700,4,2.390575869353086,142,2,2,0.0,False,decayed_best,24,0.97
381,elastic_net_without_target_700,5,2.3905385118983333,142,2,2,0.0,False,decayed_best,24,0.97
382,elastic_net_without_target_700,1,2.2774923163136385,143,2,2,0.0,False,decayed_best,24,0.97
382,elastic_net_without_target_700,2,2.2518248171438917,143,2,2,0.0,False,decayed_best,24,0.97
382,elastic_net_without_target_700,3,2.3417126393709427,143,2,2,0.0,False,decayed_best,24,0.97
382,elastic_net_without_target_700,4,2.3426052632817607,143,2,2,0.0,False,decayed_best,24,0.97
382,elastic_net_without_target_700,5,2.3425635006097623,143,2,2,0.0,False,decayed_best,24,0.97
383,elastic_net_without_target_700,1,2.2491487184798786,144,2,2,0.0,False,decayed_best,24,0.97
383,elastic_net_without_target_700,2,2.2294890898308233,144,2,2,0.0,False,decayed_best,24,0.97
383,elastic_net_without_target_700,3,2.296270325785218,144,2,2,0.0,False,decayed_best,24,0.97
383,elastic_net_without_target_700,4,2.2971254141700497,144,2,2,0.0,False,decayed_best,24,0.97
383,elastic_net_without_target_700,5,2.297085451829476,144,2,2,0.0,False,decayed_best,24,0.97
384,elastic_net_without_target_700,1,2.3132225881802606,145,2,2,0.0,False,decayed_best,24,0.97
384,elastic_net_without_target_700,2,2.2820215158582693,145,2,2,0.0,False,decayed_best,24,0.97
384,elastic_net_without_target_700,3,2.453720825186354,145,2,2,0.0,False,decayed_best,24,0.97
384,elastic_net_without_target_700,4,2.454583255410396,145,2,2,0.0,False,decayed_best,24,0.97
384,elastic_net_without_target_700,5,2.4545682328563196,145,2,2,0.0,False,decayed_best,24,0.97
385,elastic_net_without_target_700,1,2.2781897210395226,146,2,2,0.0,False,decayed_best,24,0.97
385,elastic_net_without_target_700,2,2.2481690231203664,146,2,2,0.0,False,decayed_best,24,0.97
385,elastic_net_without_target_700,3,2.4639346681750642,146,2,2,0.0,False,decayed_best,24,0.97
385,elastic_net_without_target_700,4,2.4647761712679617,146,2,2,0.0,False,decayed_best,24,0.97
385,elastic_net_without_target_700,5,2.4647742386918035,146,2,2,0.0,False,decayed_best,24,0.97
386,elastic_net_without_target_700,1,2.247738817818949,147,2,2,0.0,False,decayed_best,24,0.97
386,elastic_net_without_target_700,2,2.220607263891317,147,2,2,0.0,False,decayed_best,24,0.97
386,elastic_net_without_target_700,3,2.446497642106726,147,2,2,0.0,False,decayed_best,24,0.97
386,elastic_net_without_target_700,4,2.4473294984206007,147,2,2,0.0,False,decayed_best,24,0.97
386,elastic_net_without_target_700,5,2.4473341851433332,147,2,2,0.0,False,decayed_best,24,0.97
387,elastic_net_without_target_700,1,2.213100142167875,148,2,2,0.0,False,decayed_best,24,0.97
387,elastic_net_without_target_700,2,2.1810159075391846,148,2,2,0.0,False,decayed_best,24,0.97
387,elastic_net_without_target_700,3,2.4080496873017214,148,2,2,0.0,False,decayed_best,24,0.97
387,elastic_net_without_target_700,4,2.4088224908332916,148,2,2,0.0,False,decayed_best,24,0.97
387,elastic_net_without_target_700,5,2.4088309875313665,148,2,2,0.0,False,decayed_best,24,0.97
388,elastic_net_without_target_700,1,2.168074555947783,149,2,2,0.0,False,decayed_best,24,0.97
388,elastic_net_without_target_700,2,2.14250213444503,149,2,2,0.0,False,decayed_best,24,0.97
388,elastic_net_without_target_700,3,2.345706554327492,149,2,2,0.0,False,decayed_best,24,0.97
388,elastic_net_without_target_700,4,2.346468459554059,149,2,2,0.0,False,decayed_best,24,0.97
388,elastic_net_without_target_700,5,2.3464754475325904,149,2,2,0.0,False,decayed_best,24,0.97
389,elastic_net_without_target_700,1,2.016209257368407,150,2,2,0.0,False,decayed_best,24,0.97
389,elastic_net_without_target_700,2,1.9866285632130858,150,2,2,0.0,False,decayed_best,24,0.97
389,elastic_net_without_target_700,3,2.181343558561824,150,2,2,0.0,False,decayed_best,24,0.97
389,elastic_net_without_target_700,4,2.18216467284978,150,2,2,0.0,False,decayed_best,24,0.97
389,elastic_net_without_target_700,5,2.1821649736913575,150,2,2,0.0,False,decayed_best,24,0.97
390,elastic_net_without_target_700,1,1.9534648327441027,151,2,2,0.0,False,decayed_best,24,0.97
390,elastic_net_without_target_700,2,1.9258424035751067,151,2,2,0.0,False,decayed_best,24,0.97
390,elastic_net_without_target_700,3,2.1110330846296192,151,2,2,0.0,False,decayed_best,24,0.97
390,elastic_net_without_target_700,4,2.111792020723739,151,2,2,0.0,False,decayed_best,24,0.97
390,elastic_net_without_target_700,5,2.1117930220457697,151,2,2,0.0,False,decayed_best,24,0.97
391,elastic_net_without_target_700,1,1.775937277820452,152,2,2,0.0,False,decayed_best,24,0.97
391,elastic_net_without_target_700,2,1.752232506885814,152,2,2,0.0,False,decayed_best,24,0.97
391,elastic_net_without_target_700,3,1.9104184755344766,152,2,2,0.0,False,decayed_best,24,0.97
391,elastic_net_without_target_700,4,1.911074841598162,152,2,2,0.0,False,decayed_best,24,0.97
391,elastic_net_without_target_700,5,1.9110876427187047,152,2,2,0.0,False,decayed_best,24,0.97
392,elastic_net_without_target_700,1,1.7423229835554088,153,2,2,0.0,False,decayed_best,24,0.97
392,elastic_net_without_target_700,2,1.718360400337343,153,2,2,0.0,False,decayed_best,24,0.97
392,elastic_net_without_target_700,3,1.8759299628212518,153,2,2,0.0,False,decayed_best,24,0.97
392,elastic_net_without_target_700,4,1.8765745537622625,153,2,2,0.0,False,decayed_best,24,0.97
392,elastic_net_without_target_700,5,1.876587447705969,153,2,2,0.0,False,decayed_best,24,0.97
393,elastic_net_without_target_700,1,1.7490913851125047,154,2,2,0.0,False,decayed_best,24,0.97
393,elastic_net_without_target_700,2,1.7253943198603723,154,2,2,0.0,False,decayed_best,24,0.97
393,elastic_net_without_target_700,3,1.8593180066549033,154,2,2,0.0,False,decayed_best,24,0.97
393,elastic_net_without_target_700,4,1.8599215168727672,154,2,2,0.0,False,decayed_best,24,0.97
393,elastic_net_without_target_700,5,1.859931868568748,154,2,2,0.0,False,decayed_best,24,0.97
394,elastic_net_without_target_700,1,1.816846228305778,155,2,2,0.0,False,decayed_best,24,0.97
394,elastic_net_without_target_700,2,1.7887953787991693,155,2,2,0.0,False,decayed_best,24,0.97
394,elastic_net_without_target_700,3,1.9052743588535868,155,2,2,0.0,False,decayed_best,24,0.97
394,elastic_net_without_target_700,4,1.9058856915661602,155,2,2,0.0,False,decayed_best,24,0.97
394,elastic_net_without_target_700,5,1.9059003283147666,155,2,2,0.0,False,decayed_best,24,0.97
395,elastic_net_without_target_700,1,1.8576631469657563,156,2,2,0.0,False,decayed_best,24,0.97
395,elastic_net_without_target_700,2,1.8356628352009308,156,2,2,0.0,False,decayed_best,24,0.97
395,elastic_net_without_target_700,3,1.9106531373481248,156,2,2,0.0,False,decayed_best,24,0.97
395,elastic_net_without_target_700,4,1.9112491033959627,156,2,2,0.0,False,decayed_best,24,0.97
395,elastic_net_without_target_700,5,1.9112640496616413,156,2,2,0.0,False,decayed_best,24,0.97
396,elastic_net_without_target_700,1,1.8071859272490767,157,2,2,0.0,False,decayed_best,24,0.97
396,elastic_net_without_target_700,2,1.7855639673761254,157,2,2,0.0,False,decayed_best,24,0.97
396,elastic_net_without_target_700,3,1.8847294413074418,157,2,2,0.0,False,decayed_best,24,0.97
396,elastic_net_without_target_700,4,1.8853338551593548,157,2,2,0.0,False,decayed_best,24,0.97
396,elastic_net_without_target_700,5,1.8853519837973105,157,2,2,0.0,False,decayed_best,24,0.97
397,elastic_net_without_target_700,1,1.6943635034139217,158,2,2,0.0,False,decayed_best,24,0.97
397,elastic_net_without_target_700,2,1.6670099430601306,158,2,2,0.0,False,decayed_best,24,0.97
397,elastic_net_without_target_700,3,1.7489262634943712,158,2,2,0.0,False,decayed_best,24,0.97
397,elastic_net_without_target_700,4,1.7494171143194812,158,2,2,0.0,False,decayed_best,24,0.97
397,elastic_net_without_target_700,5,1.749439379202454,158,2,2,0.0,False,decayed_best,24,0.97
398,elastic_net_without_target_700,1,1.7896762736303036,159,2,2,0.0,False,decayed_best,24,0.97
398,elastic_net_without_target_700,2,1.7709908746926992,159,2,2,0.0,False,decayed_best,24,0.97
398,elastic_net_without_target_700,3,1.9112283692375251,159,2,2,0.0,False,decayed_best,24,0.97
398,elastic_net_without_target_700,4,1.911634595482618,159,2,2,0.0,False,decayed_best,24,0.97
398,elastic_net_without_target_700,5,1.9116671363841917,159,2,2,0.0,False,decayed_best,24,0.97
399,elastic_net_without_target_700,1,1.8875269134004913,160,2,2,0.0,False,decayed_best,24,0.97
399,elastic_net_without_target_700,2,1.870085227942082,160,2,2,0.0,False,decayed_best,24,0.97
399,elastic_net_without_target_700,3,2.0966638286579635,160,2,2,0.0,False,decayed_best,24,0.97
399,elastic_net_without_target_700,4,2.0971826141476213,160,2,2,0.0,False,decayed_best,24,0.97
399,elastic_net_without_target_700,5,2.097221377618615,160,2,2,0.0,False,decayed_best,24,0.97
400,elastic_net_without_target_700,1,1.9333245865592368,161,2,2,0.0,False,decayed_best,24,0.97
400,elastic_net_without_target_700,2,1.9137323713314724,161,2,2,0.0,False,decayed_best,24,0.97
400,elastic_net_without_target_700,3,2.1446865655784846,161,2,2,0.0,False,decayed_best,24,0.97
400,elastic_net_without_target_700,4,2.1451478405397597,161,2,2,0.0,False,decayed_best,24,0.97
400,elastic_net_without_target_700,5,2.145181684828221,161,2,2,0.0,False,decayed_best,24,0.97
401,elastic_net_without_target_700,1,2.0479176198058386,162,2,2,0.0,False,decayed_best,24,0.97
401,elastic_net_without_target_700,2,2.0307533745122694,162,2,2,0.0,False,decayed_best,24,0.97
401,elastic_net_without_target_700,3,2.2946267530576345,162,2,2,0.0,False,decayed_best,24,0.97
401,elastic_net_without_target_700,4,2.295141498211739,162,2,2,0.0,False,decayed_best,24,0.97
401,elastic_net_without_target_700,5,2.295173990311309,162,2,2,0.0,False,decayed_best,24,0.97
402,elastic_net_without_target_700,1,1.99636201321357,163,2,2,0.0,False,decayed_best,24,0.97
402,elastic_net_without_target_700,2,1.976581414195146,163,2,2,0.0,False,decayed_best,24,0.97
402,elastic_net_without_target_700,3,2.2697668200663106,163,2,2,0.0,False,decayed_best,24,0.97
402,elastic_net_without_target_700,4,2.270241450949223,163,2,2,0.0,False,decayed_best,24,0.97
402,elastic_net_without_target_700,5,2.270271943072925,163,2,2,0.0,False,decayed_best,24,0.97
403,elastic_net_without_target_700,1,1.970610673108083,164,2,2,0.0,False,decayed_best,24,0.97
403,elastic_net_without_target_700,2,1.9515091317944468,164,2,2,0.0,False,decayed_best,24,0.97
403,elastic_net_without_target_700,3,2.232004637025349,164,2,2,0.0,False,decayed_best,24,0.97
403,elastic_net_without_target_700,4,2.2324777508789717,164,2,2,0.0,False,decayed_best,24,0.97
403,elastic_net_without_target_700,5,2.23250771101908,164,2,2,0.0,False,decayed_best,24,0.97
404,elastic_net_without_target_700,1,1.990069526794042,165,2,2,0.0,False,decayed_best,24,0.97
404,elastic_net_without_target_700,2,1.9684325739341697,165,2,2,0.0,False,decayed_best,24,0.97
404,elastic_net_without_target_700,3,2.237546605361741,165,2,2,0.0,False,decayed_best,24,0.97
404,elastic_net_without_target_700,4,2.2379975187601526,165,2,2,0.0,False,decayed_best,24,0.97
404,elastic_net_without_target_700,5,2.2380336905394964,165,2,2,0.0,False,decayed_best,24,0.97
405,elastic_net_without_target_700,1,1.8870493628006932,166,2,2,0.0,False,decayed_best,24,0.97
405,elastic_net_without_target_700,2,1.8713386507979253,166,2,2,0.0,False,decayed_best,24,0.97
405,elastic_net_without_target_700,3,2.1180442163731956,166,2,2,0.0,False,decayed_best,24,0.97
405,elastic_net_without_target_700,4,2.1184269334937085,166,2,2,0.0,False,decayed_best,24,0.97
405,elastic_net_without_target_700,5,2.118456979572545,166,2,2,0.0,False,decayed_best,24,0.97
